id,frameTime,voiceProb_sma_max,voiceProb_sma_min,voiceProb_sma_linregc1,voiceProb_sma_linregerrA,voiceProb_sma_stddev,voiceProb_sma_amean,voiceProb_sma_nnz,voiceProb_sma_duration,HNR_sma_max,HNR_sma_min,HNR_sma_linregc1,HNR_sma_linregerrA,HNR_sma_stddev,HNR_sma_amean,HNR_sma_nnz,HNR_sma_duration,F0_sma_max,F0_sma_min,F0_sma_linregc1,F0_sma_linregerrA,F0_sma_stddev,F0_sma_amean,F0_sma_nnz,F0_sma_duration,F0raw_sma_max,F0raw_sma_min,F0raw_sma_linregc1,F0raw_sma_linregerrA,F0raw_sma_stddev,F0raw_sma_amean,F0raw_sma_nnz,F0raw_sma_duration,jitterLocal_sma_max,jitterLocal_sma_min,jitterLocal_sma_linregc1,jitterLocal_sma_linregerrA,jitterLocal_sma_stddev,jitterLocal_sma_amean,jitterLocal_sma_nnz,jitterLocal_sma_duration,jitterDDP_sma_max,jitterDDP_sma_min,jitterDDP_sma_linregc1,jitterDDP_sma_linregerrA,jitterDDP_sma_stddev,jitterDDP_sma_amean,jitterDDP_sma_nnz,jitterDDP_sma_duration,jitterLocEnv_sma_max,jitterLocEnv_sma_min,jitterLocEnv_sma_linregc1,jitterLocEnv_sma_linregerrA,jitterLocEnv_sma_stddev,jitterLocEnv_sma_amean,jitterLocEnv_sma_nnz,jitterLocEnv_sma_duration,jitterDEnv_sma_max,jitterDEnv_sma_min,jitterDEnv_sma_linregc1,jitterDEnv_sma_linregerrA,jitterDEnv_sma_stddev,jitterDEnv_sma_amean,jitterDEnv_sma_nnz,jitterDEnv_sma_duration,shimmerLocal_sma_max,shimmerLocal_sma_min,shimmerLocal_sma_linregc1,shimmerLocal_sma_linregerrA,shimmerLocal_sma_stddev,shimmerLocal_sma_amean,shimmerLocal_sma_nnz,shimmerLocal_sma_duration,shimmerLocEnv_sma_max,shimmerLocEnv_sma_min,shimmerLocEnv_sma_linregc1,shimmerLocEnv_sma_linregerrA,shimmerLocEnv_sma_stddev,shimmerLocEnv_sma_amean,shimmerLocEnv_sma_nnz,shimmerLocEnv_sma_duration,pcm_intensity_sma_max,pcm_intensity_sma_min,pcm_intensity_sma_linregc1,pcm_intensity_sma_linregerrA,pcm_intensity_sma_stddev,pcm_intensity_sma_amean,pcm_intensity_sma_nnz,pcm_intensity_sma_duration,NUV
18261,0.025,0.9014063,0.07720246,-0.0001961665,0.0778649,0.14377879999999998,0.8114756999999999,1208,1208,460.517,-17.12119,0.05123954,38.91393,88.04429,37.14993,1208,1208,161.4808,0,-0.13031689999999999,42.27596,70.78554,100.6309,833,1208,468.4477,0.0,-0.01916522,16.62792,43.350120000000004,151.7733,1165,1208,0.6094919,0,1.856328e-05,0.01934299,0.05533163,0.01625659,1154,1208,0.6094919,0.0,4.545079000000001e-05,0.02832929,0.0618897,0.02258418,1200,1208,0.5825967,0.0,2.301367e-05,0.02581481,0.07125136,0.01887074,1153,1208,0.5825967,0.0,3.319785e-05,0.02891471,0.07255083,0.02195635,1199,1208,0.5730781999999999,0.0,6.852549e-05,0.04033273,0.06787477,0.07036942,1157,1208,0.6261211999999999,0.0,0.0001578183,0.05748032,0.11159389999999998,0.09093731,1200,1208,1.216638e-05,7.00316e-10,-1.77366e-09,1.194543e-06,1.7960859999999999e-06,1.601258e-06,1208,1208,375
07920,0.025,0.9007746999999999,0.1551246,-9.92792e-05,0.05768667,0.10902080000000001,0.7024699999999999,998,998,159.7022,-25.54671,-0.004937906,3.236653,10.0557,8.682654,998,998,206.8648,0,0.007963744,3.665231,13.22765,1.553628,19,998,492.3076,63.68159,0.10303949999999999,47.184459999999994,88.20631,122.9335,998,998,0.6245816,0,2.856252e-05,0.0315465,0.06581593,0.02846586,995,998,0.6245816,9.383282e-05,2.864463e-05,0.03153011,0.06580013,0.02850968,998,998,0.7691399,0.0,5.4014670000000004e-06,0.030629,0.06667734,0.02576634,992,998,0.7691399,6.637476000000001e-06,5.561899e-06,0.03059959,0.06665403,0.02584224,998,998,0.5747007,0.0,4.957008e-05,0.04761772,0.07202991,0.08690902,996,998,0.5747007,0.0002418598,5.026477e-05,0.04740669,0.07189943,0.087281,998,998,1.258058e-05,1.940257e-10,-1.290643e-09,7.052332e-07,1.226877e-06,8.299658000000001e-07,998,998,979
44209,0.025,0.9424985999999999,0.0664789,-0.0001044692,0.07832777,0.1432892,0.8592787000000001,1378,1378,460.517,-6.066954,0.02065219,29.687309999999997,75.83884,36.99257,1378,1378,233.9024,0,-0.04377201,48.46669,70.7319,170.4343,1199,1378,468.556,0.0,0.006447715,18.53045,43.17624,196.8287,1344,1378,0.5211743,0,1.348174e-05,0.02874871,0.06450815,0.02765175,1336,1378,0.5211743,0.0,1.714526e-05,0.03712296,0.0721468,0.03389904,1375,1378,0.676089,0.0,6.148632e-06,0.03516264,0.08215739,0.02868746,1334,1378,0.676089,0.0,1.238098e-05,0.03975358,0.08407424,0.03270361,1375,1378,0.7272486,0.0,5.1868190000000005e-05,0.04423549,0.08220473,0.07813584,1344,1378,0.7272486,0.0,6.359239000000001e-05,0.05451483,0.10059960000000001,0.08892661,1376,1378,2.4451939999999997e-06,4.618536e-10,-3.217255e-10,1.9656379999999998e-07,3.124126e-07,3.08765e-07,1378,1378,179
24371,0.025,0.9572193000000001,0.2490096,-0.00078398,0.1645671,0.2175866,0.7612681,408,408,460.517,-15.15546,0.28813,65.82983,111.3978,59.26696,408,408,440.8753,0,-0.3222831,75.01373000000001,97.06048,120.5714,263,408,487.4091,0.0,-0.05514871,68.39139,99.97991999999999,205.8942,388,408,0.6764455,0,0.0001643041,0.05916196,0.10215089999999999,0.0469702,368,408,0.6764455,0.0004035282,0.00027884439999999996,0.0742126,0.113382,0.06816766,408,408,0.9057038000000001,0.0,0.0001877803,0.0591125,0.1144124,0.04529355,363,408,0.9057038000000001,0.00032472990000000004,0.00029789759999999997,0.06751581,0.12017629999999999,0.06584924,408,408,0.9344298000000001,0.0,0.00020454700000000002,0.09050297,0.134974,0.09816033,381,408,1.0,0.002358741,0.0003437501,0.11081980000000001,0.16546470000000002,0.1329293,408,408,4.872212e-06,3.3277159999999996e-11,-2.1235639999999997e-09,3.30886e-07,6.302003e-07,3.5626620000000003e-07,408,408,145
29735,0.025,0.9255581,0.0290032,-2.5792559999999998e-05,0.04628873,0.10468319999999999,0.8713318000000001,2418,2418,460.517,-11.47869,-0.006133316999999999,11.45096,45.597970000000004,26.494840000000003,2418,2418,201.0482,0,-0.02395798,40.115790000000004,62.58376,165.4766,2146,2418,477.6119,0.0,0.005181429,12.71459,35.77317,188.2267,2399,2418,1.0,0,2.057568e-05,0.02538419,0.07182377,0.02049455,2389,2418,1.0,0.0,2.233681e-05,0.02929932,0.07609664,0.02287121,2412,2418,1.0,0.0,2.1531529999999997e-05,0.03005992,0.08243925,0.02120598,2388,2418,1.0,0.0,1.854021e-05,0.03408019,0.08531851,0.02392059,2414,2418,0.4507108,0.0,2.1251220000000002e-05,0.02870134,0.04785326,0.06638092,2397,2418,0.4507108,0.001159448,1.8043989999999998e-05,0.0338813,0.06003697,0.07131739,2418,2418,7.68778e-06,3.060521e-10,-2.87377e-10,3.8768909999999996e-07,6.623594e-07,4.900734e-07,2418,2418,272
73828,0.025,0.9463855999999999,0.1873435,5.277105e-05,0.08649276,0.1316861,0.8688306999999998,1978,1978,460.517,-14.004570000000001,0.01200445,15.53525,50.44679,29.615790000000004,1978,1978,448.3749,0,0.04930504,55.09685,78.67743,163.1086,1656,1978,484.8485,0.0,0.01507408,18.01161,40.06429,195.5702,1961,1978,0.8986675999999999,0,-4.0847600000000005e-05,0.05307315,0.10247719999999999,0.03868923,1954,1978,0.8986675999999999,0.0001268974,-3.382388e-05,0.05980018,0.10708689999999998,0.04304928,1978,1978,0.9873991,0.0,-5.022444e-05,0.0659354,0.126751,0.04638501,1949,1978,0.9873991,3.609546e-05,-4.839201e-05,0.07066251,0.1285531,0.04991371,1978,1978,0.7720613000000001,0.0,-4.140799e-05,0.05670795,0.09285676,0.05630216,1960,1978,0.7720613000000001,0.0006353976,-3.9346940000000004e-05,0.06294166,0.09964693,0.06119934,1978,1978,2.4499349999999998e-05,2.071697e-10,-6.439376e-11,3.974507e-06,5.08112e-06,4.704495e-06,1978,1978,322
11739,0.025,0.9120126000000001,0.08442596,-0.00019200849999999998,0.06204438,0.1216271,0.8351648000000002,1198,1198,460.517,-13.29579,0.01690298,12.88395,33.938759999999995,23.40861,1198,1198,176.4736,0,-0.14348370000000002,36.49044,68.24235999999999,113.9869,902,1198,492.3076,0.0,0.01577984,26.958779999999997,56.6717,165.7794,1197,1198,0.5017228,0,5.710625e-05,0.028823,0.06254844,0.02177423,1191,1198,0.5017228,0.000114907,7.541846e-05,0.03601039,0.07004852,0.02571225,1198,1198,0.6605206,0.0,5.9709440000000004e-05,0.02963278,0.06778518,0.02110445,1189,1198,0.6605206,1.536078e-06,7.914392e-05,0.03713712,0.07964856,0.02534347,1198,1198,0.8327882999999999,0.0,8.818245000000001e-05,0.04809823,0.09487303,0.08431627,1195,1198,0.8987654,0.002135307,0.0001145168,0.05519795,0.11024380000000002,0.08995584,1198,1198,1.009352e-05,1.299449e-10,-4.16404e-09,8.611060999999999e-07,1.892114e-06,1.786956e-06,1198,1198,296
00359,0.025,0.9496744,0.0419071,-4.736786e-05,0.07835215,0.1269882,0.806709,1788,1788,460.517,-13.521,0.0248676,20.486710000000002,53.82506,24.19069,1788,1788,464.3687,0,-0.02411544,59.04,66.99061,82.26726,1187,1788,484.8485,0.0,-0.007158028,11.47622,32.54515,138.9805,1771,1788,0.7200681999999999,0,3.976229e-06,0.03622667,0.08437641,0.02807698,1760,1788,0.7200681999999999,0.00012268790000000002,2.126558e-05,0.04383453,0.09124593,0.03356004,1788,1788,1.0,0.0,6.607894e-06,0.03951865,0.0972715,0.02894229,1759,1788,1.0,0.0002933945,2.2070059999999998e-05,0.04664372,0.1022492,0.03414087,1788,1788,0.8673267,0.0,1.670472e-05,0.05461705,0.0965733,0.06586629,1760,1788,0.8673267,0.0,3.4529109999999995e-05,0.06061253,0.1049153,0.07162454,1781,1788,7.461163000000001e-08,2.214643e-12,-4.256711e-12,5.9369280000000015e-09,8.738398000000001e-09,8.013048e-09,1788,1788,601
47939,0.025,0.9403282,0.1764241,-2.527027e-05,0.06015621,0.11980819999999999,0.8961231,1208,1208,460.517,-12.916319999999999,-0.0123317,13.79229,46.04497,31.619329999999998,1208,1208,305.2101,0,-0.01137613,30.673820000000003,55.164159999999995,187.1781,1116,1208,482.7944,0.0,0.006854776999999999,10.68698,32.44279,201.8171,1200,1208,0.7707384,0,3.083348e-05,0.0258957,0.06984558,0.01761346,1196,1208,0.7707384,8.096785e-05,3.134744e-05,0.03396203,0.07838859,0.02239695,1208,1208,0.6588034,0.0,1.4028670000000001e-05,0.02245791,0.06082075,0.01513077,1190,1208,0.6588034,0.00011079590000000001,2.111831e-05,0.03027565,0.06862029,0.01962477,1208,1208,0.6702201999999999,0.0,3.836273e-05,0.033264,0.07207816,0.05030637,1200,1208,0.8712011000000001,0.0002838001,4.004273e-05,0.04298225,0.09049105,0.05695769,1208,1208,1.261951e-05,2.071697e-10,-1.274235e-09,1.4178280000000001e-06,2.050208e-06,1.6194579999999998e-06,1208,1208,92
53870,0.025,0.9746703999999999,0.3042767,-0.0006141863,0.10914660000000001,0.1780055,0.7769640999999999,578,578,163.8368,-20.46694,-0.04282233,8.417157000000001,18.642020000000002,16.2872,578,578,415.5844,0,-0.42655950000000004,58.54826,105.1309,109.0334,343,578,482.5105,50.11081,-0.0909628,61.92496,86.52552,202.0861,578,578,0.889059,0,0.0002824036,0.07412086,0.1352269,0.06483719,574,578,0.889059,0.0,0.0002901363,0.07496399,0.1359567,0.06590406,574,578,0.9819540999999999,0.0002698846,0.0002957094,0.08320531,0.1552219,0.06944627,578,578,0.9819540999999999,0.0002698846,0.0003327645,0.09178428,0.1699886,0.0765717,578,578,0.7585152,0.0005013383,0.0003843621,0.08206244,0.1425797,0.09655561,578,578,0.7585152,0.0005013383,0.0003856736,0.08263489,0.143204,0.09764633,578,578,1.991345e-05,4.993012e-11,-1.297515e-08,2.19521e-06,3.833844e-06,2.874971e-06,578,578,235
55029,0.025,0.9463328999999999,0.17356229999999997,-0.0007374465,0.184374,0.2316354,0.6073451999999999,358,358,460.517,-19.32133,0.5314916000000001,75.61575,122.0715,55.82411999999999,358,358,460.4338,0,-0.34648870000000004,78.4296,103.364,59.80696,96,358,492.3076,0.0,-0.23578289999999996,111.8679,132.4778,270.9066,335,358,0.6623679,0,-0.000139695,0.08816992,0.1107001,0.10297329999999999,329,358,0.6623679,0.0013099639999999998,0.0001437849,0.08656745,0.1109895,0.1276029,358,358,0.7989221,0.0,-0.00018157419999999998,0.08080053,0.11635539999999998,0.09044562,324,358,0.7989221,0.001255784,4.5302240000000004e-05,0.08142509,0.1152001,0.11163569999999999,358,358,0.9015458000000001,0.0,0.00019777810000000002,0.2060862,0.240484,0.2624411,335,358,1.0,0.0065979590000000005,0.0009710402,0.2128754,0.27186259999999995,0.3242212,358,358,2.139525e-05,1.652928e-10,-1.2846930000000002e-08,1.8536080000000001e-06,3.425235e-06,1.295901e-06,358,358,262
05068,0.025,0.896848,0.02865628,-0.0004841664,0.1200146,0.216892,0.6787211,1048,1048,460.517,-22.07452,0.02805472,29.50072,69.81534,22.86869,1048,1048,463.1328,0,-0.20102520000000001,37.21799,78.85648,69.40641,493,1048,492.3076,0.0,0.12175899999999999,64.58634,102.2581,180.074,1031,1048,1.0,0,0.0002085211,0.109802,0.18863470000000002,0.09915007,1020,1048,1.0,0.0,0.0002310511,0.10956019999999998,0.1894106,0.10459919999999999,1042,1048,1.0,0.0,0.0002034833,0.1191808,0.19614720000000002,0.1042385,1020,1048,1.0,0.0,0.0002419156,0.1223053,0.19990929999999998,0.113554,1047,1048,1.0,0.0,0.0004144101,0.1432985,0.23006639999999998,0.1830433,1028,1048,1.0,0.0015141220000000001,0.00044846800000000004,0.138665,0.23044499999999998,0.1918181,1048,1048,6.6697130000000004e-06,2.968772e-10,-6.041337e-10,5.254311e-07,8.420311999999999e-07,5.814198e-07,1048,1048,555
61496,0.025,0.7635751000000001,0.22433809999999998,1.3714429999999998e-06,0.04957336,0.06342516,0.4517969,2658,2658,460.517,-19.10223,0.009774834,13.543610000000001,43.44716,2.94401,2658,2658,0.0,0,0.0,0.0,0.0,0.0,0,2658,480.0951,0.0,0.08996998,84.52445,125.6544,177.939,2646,2658,1.0,0,6.466793000000001e-05,0.21541279999999996,0.2713095,0.21067339999999998,2480,2658,1.0,0.0,7.196096e-05,0.21530839999999998,0.27251929999999996,0.2165902,2511,2658,1.0,0.0,6.831701e-05,0.2600288,0.30839590000000006,0.2554884,2619,2658,1.0,7.795784e-05,7.165581e-05,0.26941729999999997,0.3169215,0.2699322,2658,2658,0.9021739,0.0,0.00010732649999999999,0.1575506,0.21045729999999999,0.3049099,2640,2658,0.9021739,0.001282286,0.00011124090000000001,0.15591939999999999,0.20964210000000003,0.3085768,2658,2658,3.2021839999999996e-06,1.228983e-10,-6.392146e-11,7.074433e-08,1.6722360000000002e-07,7.681518e-08,2658,2658,2658
50377,0.025,0.9486575999999999,0.03268147,4.494075000000001e-06,0.01245471,0.05162118,0.9323562,2368,2368,460.517,-5.504747,0.0001599398,1.242194,12.30562,27.432059999999996,2368,2368,360.9887,0,0.004365173,5.9433050000000005,24.53589,204.7829,2337,2368,389.8721,0.0,0.003515953,2.821273,10.50358,207.4793,2367,2368,0.8266048,0,-4.184181e-06,0.006694763,0.03312906,0.005842231,2364,2368,0.8266048,0.0,-3.931562e-06,0.006783622,0.03326617,0.005942067,2366,2368,0.6477316999999999,0.0,-3.4931569999999997e-06,0.006486542,0.03181045,0.0053854409999999995,2364,2368,0.6477316999999999,0.0,-2.306609e-06,0.0071250440000000005,0.03475348,0.00585437,2366,2368,0.5181194,0.0,2.808843e-06,0.01356442,0.03494167,0.02579414,2367,2368,0.5181194,0.0,3.33822e-06,0.01388579,0.03604738,0.02600342,2367,2368,1.7824110000000002e-05,9.306388e-10,2.579346e-10,2.0432640000000003e-06,2.526283e-06,3.5144619999999998e-06,2368,2368,31
44574,0.025,0.9098158000000002,0.2019486,-0.0002899088,0.1215617,0.18224820000000003,0.6512422,1358,1358,313.3351,-22.96552,0.0006193098999999999,16.997970000000002,38.99001,12.92305,1358,1358,169.3122,0,-0.11389160000000002,41.6065,66.74719,37.796479999999995,341,1358,449.4172,64.60406,0.08348398,62.652969999999996,88.09588000000001,191.2122,1358,1358,0.9830771999999999,0,0.00012353899999999998,0.11200239999999999,0.1660912,0.1173825,1350,1358,0.9830771999999999,0.0,0.0001319136,0.1124404,0.1667494,0.1215239,1355,1358,1.0,0.0,0.00012677870000000002,0.1295439,0.1872811,0.1263256,1345,1358,1.0,0.0,0.0001343285,0.128924,0.1872409,0.13031220000000002,1354,1358,0.8368368,0.0,0.00017359599999999998,0.1059724,0.15429779999999998,0.1919082,1329,1358,0.8368368,0.0,0.0001844912,0.1057357,0.1560405,0.19669820000000002,1331,1358,5.715634e-05,3.23798e-10,-1.107883e-08,4.498719e-06,8.10221e-06,4.894026e-06,1358,1358,1017
76373,0.025,0.9210868000000001,0.05092772,-0.0003521124,0.1733094,0.22772270000000003,0.6040612,858,858,460.517,-26.00591,0.13687760000000002,56.07595,93.47525,37.43488,858,858,203.838,0,-0.10755250000000001,36.65602,56.684709999999995,27.57276,187,858,492.3076,0.0,0.03953016,92.53139,116.4237,217.7126,840,858,0.8411579,0,0.0001216398,0.11018910000000001,0.1436829,0.1310433,811,858,0.8411579,0.0,0.00023726740000000002,0.10661880000000001,0.14815520000000001,0.1567721,857,858,1.0,0.0,0.0001167207,0.11541389999999999,0.1624354,0.1274603,795,858,1.0,0.0,0.0002604148,0.1157129,0.1732954,0.1566616,857,858,0.8936761000000001,0.0,0.0001365174,0.1256264,0.17083679999999998,0.2008007,826,858,0.8936761000000001,0.003548415,0.0002577301,0.1268308,0.180843,0.23111639999999997,858,858,9.254965e-06,9.859474e-11,-1.8127320000000002e-09,5.470307e-07,1.03233e-06,5.444605999999999e-07,858,858,671
68117,0.025,0.954896,0.01447306,-0.0001162366,0.06618785,0.1350007,0.8986616,1208,1208,460.517,-9.099847,0.04161472,21.828210000000002,54.78325,34.708090000000006,1208,1208,251.3123,0,-0.05495685,30.50478,58.955909999999996,201.5644,1122,1208,442.3665,0.0,-0.04247922,11.2202,34.74926,218.4483,1196,1208,0.6730995,0,-1.1324010000000001e-05,0.02307805,0.05931779,0.01679542,1187,1208,0.6786441999999999,0.00031367790000000003,3.041052e-05,0.03734928,0.08372942,0.02550983,1208,1208,0.6622380999999999,0.0,-1.923542e-05,0.02111399,0.05899061,0.01468479,1183,1208,0.6766884,0.0002517074,7.566962999999999e-06,0.02995789,0.07592063,0.02032308,1208,1208,0.7514845,0.0,5.887426e-06,0.03261097,0.07092525,0.05339612,1190,1208,0.7514845,0.0033513009999999997,4.408603e-05,0.0423446,0.08929712,0.06131086,1208,1208,4.418259e-06,1.048648e-10,-5.947713e-10,2.727943e-07,4.4364530000000003e-07,4.968568e-07,1208,1208,86
88947,0.025,0.8267260000000001,0.1766902,-8.813276e-05,0.06647184,0.113979,0.7762198,1587,1587,313.2146,-17.5981,-0.007486773,4.361749,13.27273,13.47519,1587,1587,0.0,0,0.0,0.0,0.0,0.0,0,1587,473.467,55.29968,-0.01394726,10.19822,27.74442,114.3307,1587,1587,1.0,0,9.025404000000001e-05,0.06324435,0.1335534,0.03615308,1576,1587,1.0,0.0,8.926113000000001e-05,0.0633701,0.1337223,0.03641737,1576,1587,1.0,0.0,8.651898999999999e-05,0.06257389,0.1316174,0.0359217,1586,1587,1.0,5.532468000000001e-05,8.778950999999999e-05,0.06396527,0.1330772,0.03697181,1587,1587,0.8999269,0.0,8.482476999999999e-05,0.05967157,0.1178623,0.06166647,1584,1587,0.8999269,0.0,8.316978e-05,0.06010029,0.1184529,0.06210699,1584,1587,1.0799560000000001e-05,5.8778050000000005e-09,-2.371807e-10,1.785933e-06,2.139445e-06,2.771241e-06,1587,1587,1587
45758,0.025,0.9880815999999999,0.08999567,-9.516011e-05,0.1560236,0.20274360000000002,0.8164786,2188,2188,460.517,-45.23827,0.003700802,21.06488,63.17203000000001,30.48309,2188,2188,492.3076,0,-0.02536004,101.0453,114.7645,167.6641,1551,2188,492.3076,0.0,0.04860519,47.3269,79.08997,240.0598,2153,2188,1.0,0,2.003904e-05,0.09091,0.1447892,0.06924372,2147,2188,1.0,0.0,2.429752e-05,0.09231933,0.14550629999999998,0.07227876,2184,2188,1.0,0.0,7.820515e-06,0.10615839999999999,0.164436,0.07623325,2141,2188,1.0,0.0,8.082121e-06,0.10907449999999999,0.1650272,0.08076157,2185,2188,1.0,0.0,7.920255e-05,0.10739030000000001,0.1640034,0.1197452,2152,2188,1.0,0.0,8.854876e-05,0.11179449999999999,0.1687931,0.1257534,2186,2188,1.177609e-05,3.106252e-12,-4.978103e-10,7.412423000000001e-07,1.161236e-06,1.068191e-06,2188,2188,637
25066,0.025,0.7911599,0.20106279999999999,-2.180845e-05,0.02943108,0.0645724,0.706956,2758,2758,460.517,-27.51567,-0.001876946,2.3672400000000002,14.60237,9.382366000000001,2758,2758,0.0,0,0.0,0.0,0.0,0.0,0,2758,438.5185,0.0,0.00935923,11.890460000000001,35.62818,96.55344000000001,2756,2758,0.9271889000000001,0,7.728061e-06,0.01006132,0.03667233,0.009732421,2717,2758,0.9271889000000001,0.0,8.950698e-06,0.01133763,0.04141667,0.0103123,2718,2758,0.7684858,0.0,5.213048e-06,0.008992725,0.03431585,0.009193759000000001,2752,2758,0.7684858,0.0,5.364092000000001e-06,0.00919705,0.03439482,0.009479890999999999,2754,2758,0.7089308000000001,0.0,1.4513220000000002e-05,0.02781595,0.0487911,0.04833209,2756,2758,0.7089308000000001,0.0,1.45418e-05,0.0278347,0.04883493,0.04834566,2756,2758,1.2550539999999999e-05,1.587928e-10,-3.791538e-10,1.7136959999999999e-06,2.207269e-06,2.1556200000000003e-06,2758,2758,2758
78597,0.025,0.9697650999999999,0.24718800000000002,-0.0001518672,0.08819939,0.1440495,0.8654757,1208,1208,460.517,-11.7482,-0.003756937,9.300117,30.56754,25.87699,1208,1208,300.9463,0,-0.06137955,57.09307,86.78242,170.2869,990,1208,477.8959,0.0,0.06896183,31.24452,53.45008000000001,222.2011,1207,1208,0.6779982,0,6.568788e-05,0.03491462,0.06612059,0.02804553,1205,1208,0.7167906999999999,4.0501020000000005e-05,7.331977e-05,0.04046949,0.07816552,0.03205385,1208,1208,0.5460585,0.0,5.639646e-05,0.03423331,0.0661911,0.02630099,1203,1208,0.5738831,0.0001591528,6.457244000000001e-05,0.03815449,0.07319791,0.02939617,1208,1208,0.9408536,0.0,0.00011349790000000001,0.06278206,0.1066083,0.0795498,1206,1208,0.9408536,0.002470511,0.0001180808,0.0653929,0.10931600000000001,0.0822613,1208,1208,1.1543039999999999e-05,7.641954e-11,-9.295542e-10,5.305866999999999e-07,9.013379999999999e-07,7.136665000000001e-07,1208,1208,218
32762,0.025,0.9197076,0.02422742,9.099065999999999e-05,0.10914460000000001,0.15444639999999998,0.7584059,1168,1168,460.517,-16.15051,0.01695179,16.36226,52.27424,21.23476,1168,1168,228.3328,0,0.07814087,57.61889,72.87436,52.00721,441,1168,492.3076,0.0,0.06200865,35.977759999999996,70.52753,182.875,1158,1168,0.7527001,0,2.6411970000000002e-05,0.04914851,0.08664343,0.04495298,1143,1168,0.7527001,0.0,3.336354e-05,0.05672118,0.09233308,0.05078044,1164,1168,0.8102686,0.0,2.3864970000000004e-05,0.04363867,0.08282807,0.0392019,1139,1168,0.8102686,0.0,2.5526390000000003e-05,0.04826411,0.08472789,0.04322402,1164,1168,0.6821763000000001,0.0,-1.910284e-05,0.06829273,0.09918084,0.12202819999999999,1151,1168,0.6821763000000001,0.0,-1.5877929999999998e-05,0.0701476,0.101592,0.12473599999999999,1165,1168,1.045463e-06,1.225244e-11,-9.723989e-11,9.572432000000001e-08,1.45266e-07,1.275428e-07,1168,1168,727
80292,0.025,0.9531272,0.12393989999999999,-0.0006032872,0.09025786,0.1554787,0.8893868,348,348,460.517,-4.8562,0.14037470000000002,22.446260000000002,53.34157,36.11792,348,348,259.8129,0,-0.358946,48.09104,79.9405,217.8061,308,348,449.5743,0.0,0.02059199,22.29476,49.374590000000005,255.015,346,348,0.3934264,0,0.0001679177,0.03024119,0.05886348,0.02183839,343,348,0.6461138000000001,0.0009204582,0.000233926,0.03581442,0.07247819,0.02600334,348,348,0.3556217,0.0,9.537937e-05,0.02551459,0.05156019,0.01862939,340,348,0.7279393,0.00017061880000000001,0.0002447271,0.03938822,0.07904033,0.0279545,348,348,0.5429086999999999,0.0,0.00026280220000000004,0.05177689,0.08308654,0.06519479,343,348,0.5429086999999999,0.006339374,0.00039625669999999996,0.06196036,0.09648427,0.07326727,348,348,1.1205899999999999e-05,3.347919e-08,-6.137771e-09,1.879956e-06,2.388358e-06,3.585307e-06,348,348,40
18771,0.025,0.7916968000000001,0.03895852,6.257541e-06,0.04872466,0.06975705,0.6278179,3368,3368,460.517,-31.48491,0.002455815,4.714443,21.754179999999998,7.13172,3368,3368,0.0,0,0.0,0.0,0.0,0.0,0,3368,485.0678,0.0,0.001162352,19.94031,49.0831,104.8396,3367,3368,1.0,0,-1.47177e-05,0.05147851,0.11826569999999999,0.03662618,3326,3368,1.0,0.0,-1.3209210000000001e-05,0.05394808,0.121254,0.03800633,3331,3368,1.0,0.0,-2.216436e-05,0.06647665,0.1422315,0.04366994,3359,3368,1.0,2.616302e-05,-2.141163e-05,0.06822817,0.1439852,0.04496785,3368,3368,0.7185686,0.0,-1.5401e-05,0.06746335,0.09506377,0.1280174,3366,3368,0.7185686,0.0004028886,-1.5039370000000002e-05,0.06863122,0.09629552,0.1292517,3368,3368,3.2423149999999996e-06,2.709917e-10,-2.799581e-11,1.092886e-07,2.000618e-07,1.266032e-07,3368,3368,3368
38717,0.025,0.8828282,0.2077888,-4.660904e-05,0.06827873,0.11091300000000001,0.7990385,1488,1488,20.36731,-17.112560000000002,-0.0024919829999999997,3.8453760000000003,6.128134999999999,14.334829999999998,1488,1488,146.9028,0,-0.01003135,44.64314,52.07571,34.21289,505,1488,484.8485,64.77857,0.04949564,28.08615,58.230830000000005,143.4312,1488,1488,1.0,0,1.685149e-05,0.05904717,0.12195260000000001,0.04021776,1487,1488,1.0,0.0,1.685149e-05,0.05904717,0.12195260000000001,0.04021776,1487,1488,1.0,0.0,1.7169679999999998e-05,0.04802936,0.10217419999999999,0.0337733,1487,1488,1.0,0.0,1.7169679999999998e-05,0.04802936,0.10217419999999999,0.0337733,1487,1488,0.763238,0.0,6.441985e-05,0.05355769,0.09245268,0.08559591,1487,1488,0.763238,0.0,6.441985e-05,0.05355769,0.09245268,0.08559591,1487,1488,9.482262e-06,3.106252e-10,-4.248451e-10,6.990824999999999e-07,1.042885e-06,1.088217e-06,1488,1488,983
42080,0.025,0.9704944,0.02592887,-0.0002913303,0.09700169,0.1777104,0.8921482,778,778,460.517,-11.57355,0.09536023,30.64126,66.12692,42.00223,778,778,484.8485,0,-0.1405958,61.79056,98.34521,256.6396,687,778,487.3349,0.0,-0.004997413,18.10398,48.70858,292.8593,767,778,0.390872,0,2.9232890000000002e-05,0.01998884,0.04332977,0.01464264,763,778,0.49750059999999996,0.0003729599,9.708318999999999e-05,0.03525453,0.06969239,0.0239004,778,778,0.4256903,0.0,1.477937e-05,0.0173036,0.03990749,0.01231995,755,778,0.49140649999999997,0.0002727948,7.619137e-05,0.03005761,0.06573016,0.0206062,778,778,0.50513,0.0,0.0001218247,0.05091171,0.07521131,0.0753905,761,778,0.5764024,0.0,0.00021650549999999998,0.06345744,0.100458,0.08844547,772,778,7.220022e-05,8.628477e-12,-1.0823200000000001e-08,9.373929000000001e-06,1.2668499999999999e-05,1.142094e-05,778,778,91
13691,0.025,0.7899635,0.04476884,-6.390126e-05,0.07140063,0.1084826,0.7097925,1598,1598,311.0193,-23.29925,-0.001104369,5.952314,25.45386,11.76305,1598,1598,0.0,0,0.0,0.0,0.0,0.0,0,1598,457.406,42.32804,0.02757159,21.53944,47.11092,120.0826,1598,1598,0.9097103999999999,0,7.50637e-05,0.06076271,0.12187089999999998,0.04239202,1594,1598,0.9097103999999999,1.0647809999999999e-05,7.118336e-05,0.06333598,0.12535639999999998,0.04479239,1598,1598,0.9055244,0.0,7.509319000000001e-05,0.06486045,0.1284233,0.04388561,1588,1598,0.9055244,6.724794000000001e-06,6.981764e-05,0.06826045,0.1322202,0.04717112,1598,1598,0.8415484000000001,0.001377215,4.261258e-05,0.0842687,0.11740650000000001,0.138189,1598,1598,0.8415484000000001,0.001377215,4.43028e-05,0.08664826,0.1199692,0.14045839999999998,1598,1598,4.7055970000000004e-06,1.366665e-09,-4.401072e-10,4.357951e-07,6.53297e-07,5.969036e-07,1598,1598,1598
95465,0.025,0.9347829,0.1993196,-0.00012054709999999999,0.0776678,0.1410474,0.8725113999999999,1138,1138,460.517,-17.62544,-0.01414486,5.963655,19.95277,22.940520000000003,1138,1138,214.2878,0,-0.04910803,38.93005,64.27332,179.4123,1012,1138,460.2108,0.0,0.0176679,19.469479999999997,47.27483,206.7051,1137,1138,0.9284896999999999,0,3.200382e-05,0.02207303,0.05991663,0.01659512,1136,1138,0.9284896999999999,4.081836e-05,2.878757e-05,0.02286109,0.06087388,0.01721605,1138,1138,0.9432508,0.0,3.059939e-05,0.02194283,0.06088448,0.01532987,1136,1138,0.9432508,8.847002e-05,2.832985e-05,0.02249802,0.06133043,0.01576802,1138,1138,0.8199649,0.0,0.0001382396,0.06671137,0.1274121,0.08006867,1136,1138,0.8199649,0.00301792,0.0001315768,0.06762081,0.1294594,0.08135499,1138,1138,5.393216999999999e-06,7.407261e-10,-5.428238e-10,7.958871999999999e-07,1.049029e-06,8.673898e-07,1138,1138,126
35063,0.025,0.9408350000000001,0.1705445,-0.0005282051,0.1415948,0.19054749999999998,0.5868106,518,518,460.517,-26.869059999999998,0.121473,42.89691,83.48272,21.56832,518,518,219.6853,0,-0.19424470000000002,51.50823,76.71486999999999,35.31619,95,518,492.3076,0.0,-0.09064223,62.57853000000001,87.10503,205.1332,505,518,1.0,0,0.00027277080000000003,0.157906,0.219063,0.16951870000000002,499,518,1.0,0.0,0.0004569897,0.1578616,0.2250069,0.187326,516,518,1.0,0.0,0.00035700339999999997,0.1747047,0.23356190000000002,0.1813275,500,518,1.0,0.0008682103,0.0004271572,0.1687185,0.23054610000000003,0.18957100000000002,518,518,1.0,0.0,0.0001787732,0.21276910000000002,0.2488005,0.31525679999999995,504,518,1.0,0.00281784,0.0002353004,0.2061228,0.24313249999999997,0.3218257,518,518,1.4568629999999998e-05,8.553985e-10,-3.464159e-09,1.460213e-06,2.214922e-06,1.403056e-06,518,518,423
58812,0.025,0.9155017,0.1789438,-0.0001572464,0.0882495,0.1474758,0.8145819999999999,1548,1548,460.517,-15.53315,0.002085186,6.757994999999999,29.485329999999998,18.92667,1548,1548,195.1219,0,-0.07700353,54.46416,74.29442,120.2502,1185,1548,453.159,0.0,-0.01152639,10.74155,30.512290000000004,175.882,1544,1548,1.0,0,0.0001095645,0.07071355,0.1357285,0.04672888,1543,1548,1.0,9.256766e-05,0.0001156304,0.07242008,0.1368404,0.04832173,1548,1548,1.0,0.0,0.0001143461,0.07189513,0.1348656,0.04554833,1542,1548,1.0,1.535214e-05,0.00012220350000000002,0.07451887,0.1365696,0.04761206,1548,1548,1.0,0.0,8.567620999999999e-05,0.0632875,0.1197296,0.10202689999999999,1544,1548,1.0,0.0001661493,9.250118e-05,0.06456222,0.12092739999999999,0.10381780000000002,1548,1548,2.81642e-06,6.019801e-10,-2.309313e-10,1.297328e-07,2.3535529999999998e-07,2.223572e-07,1548,1548,363
26753,0.025,0.8710915000000001,0.01982925,-1.865151e-05,0.0371891,0.07701418,0.793575,3378,3378,460.517,-8.494485000000001,0.005605218,11.2327,41.15135,19.31237,3378,3378,410.9121,0,0.001930447,2.982725,18.02125,1.182919,18,3378,472.9973,0.0,0.002751758,9.831839,32.92978,122.8765,3361,3378,1.0,0,7.679933999999999e-06,0.0151101,0.04858671,0.01302635,3344,3378,1.0,9.042675e-06,1.0895450000000001e-05,0.01920711,0.05420728,0.01531998,3378,3378,0.7953534000000001,0.0,7.875273e-06,0.0148861,0.04810482,0.01193749,3339,3378,0.7953534000000001,8.862819e-06,1.064228e-05,0.01826153,0.05146427,0.01392365,3378,3378,0.6568658,0.0,1.4633829999999997e-05,0.0355677,0.05874283,0.05929303,3354,3378,0.6568658,6.428787e-08,2.0852820000000003e-05,0.04073851,0.07077068,0.06377063,3378,3378,1.9473519999999997e-06,1.113074e-10,-9.753469e-11,1.810704e-07,2.543771e-07,2.9450329999999995e-07,3378,3378,3360
56896,0.025,0.9441285,0.04264801,-0.0001019401,0.0804183,0.1346258,0.7517305999999999,2288,2288,460.517,-17.472070000000002,0.002501816,22.412670000000002,65.30117,23.80161,2288,2288,474.3083,0,-0.01633776,25.45322,47.1073,15.714820000000001,319,2288,484.8485,0.0,0.02629401,30.45942,59.407309999999995,148.9207,2250,2288,1.0,0,6.57426e-05,0.06012708,0.11976760000000002,0.04508937,2226,2288,1.0,0.0,6.837295e-05,0.0677541,0.1297933,0.05367247,2287,2288,0.9052764999999999,0.0,6.934041e-05,0.064906,0.1231402,0.04747919,2222,2288,0.9052764999999999,0.00011197790000000001,8.120113e-05,0.07210554,0.13426860000000002,0.05512643,2288,2288,0.8700249,0.0,6.310422e-05,0.06467132,0.1043276,0.11253319999999999,2242,2288,0.8700249,0.0005636807,6.762380999999999e-05,0.06832922,0.1089771,0.11998419999999999,2288,2288,8.192674e-06,2.930806e-11,-3.372698e-10,2.7694309999999996e-07,6.699563e-07,2.326908e-07,2288,2288,1969
95407,0.025,0.9125233,0.315215,-0.0002792008,0.08377527,0.1262723,0.7359019,418,418,460.517,-29.28104,-0.07798071,12.225010000000001,37.6793,14.3347,418,418,451.1169,0,0.04502371,8.204079,31.869629999999997,3.2376810000000003,5,418,482.5105,0.0,0.4041123,57.6927,95.64389,149.068,417,418,0.8554553,0,0.0003480751,0.05928361,0.10910879999999999,0.04681574,413,418,0.8554553,0.0,0.0003480751,0.05928361,0.10910879999999999,0.04681574,413,418,0.8510777,0.0,0.00030566189999999997,0.05386271,0.11101889999999999,0.04231939,413,418,0.8510777,0.0,0.00030566189999999997,0.05386271,0.11101889999999999,0.04231939,413,418,0.8020215,0.0,0.0001565076,0.06996736,0.10367480000000001,0.11311510000000001,416,418,0.8020215,0.0054213740000000005,0.000104382,0.07509457,0.1093933,0.1168174,418,418,8.398669e-06,9.850844000000001e-11,-3.32339e-09,1.181442e-06,1.648991e-06,1.6380549999999999e-06,418,418,413
47647,0.025,0.9246733,0.1000049,-7.258978e-05,0.05925576,0.1299258,0.8714261999999999,898,898,314.7788,-10.37756,-0.001962035,11.853539999999999,36.06961,28.1333,898,898,195.1219,0,-0.04791722,29.318209999999997,52.598659999999995,170.7857,826,898,461.5384,131.6872,0.02128567,12.13836,32.81518,194.0458,898,898,0.35300640000000005,0,3.126993e-05,0.01401961,0.03544469,0.0115048,895,898,0.4202913,0.0002990984,3.307622e-05,0.02092999,0.04861296,0.0156674,898,898,0.33397540000000003,0.0,2.878358e-05,0.01134171,0.02960461,0.008811178000000001,891,898,0.33397540000000003,0.0001063944,3.253881e-05,0.01765758,0.04048938,0.01278423,898,898,0.4954512,0.0,6.535365e-05,0.03200659,0.06033339,0.06654381,897,898,0.5693191,0.0025235920000000003,7.205696999999999e-05,0.0397615,0.07764931,0.07257307,898,898,6.2816510000000005e-06,1.2978380000000001e-09,-1.3088849999999999e-09,4.0885150000000005e-07,7.327460999999999e-07,5.887914e-07,898,898,72
81392,0.025,0.9182435999999999,0.15509360000000003,0.00029149709999999997,0.1346643,0.1721014,0.5573137,563,563,307.0501,-29.30844,-0.01650113,11.791830000000001,28.79325,7.201815,563,563,200.2236,0,0.06241379,18.19525,36.6937,9.870794,45,563,492.3076,74.07406999999999,-0.04240209,137.283,148.5547,334.5845,563,563,0.8307113000000002,0,-7.372809e-05,0.0950356,0.1286805,0.16750479999999998,561,563,0.8307113000000002,0.0018766739999999998,-8.932999e-05,0.09504963,0.1286234,0.17007329999999998,563,563,0.775579,0.0,-2.848821e-05,0.09438973,0.13368,0.1492406,557,563,0.775579,0.0,-5.8478459999999996e-05,0.09392474,0.1329259,0.1534614,561,563,0.8044464,0.0021045720000000003,-0.0002283687,0.09897485,0.1353374,0.23814829999999998,563,563,0.8044464,0.0021045720000000003,-0.0002490285,0.0990833,0.1361236,0.2413319,563,563,8.635205e-06,5.101731e-10,1.804162e-09,6.519853e-07,1.190557e-06,5.427523000000001e-07,563,563,518
16486,0.025,0.9294472,0.1163038,-6.984364e-06,0.01684864,0.06807481,0.9119674999999999,2468,2468,460.517,-21.06701,0.003851555,4.292236,21.08972,25.70825,2468,2468,194.7326,0,-0.0026648609999999997,6.445197,23.1127,179.2447,2429,2468,455.0588,0.0,0.0009250297,3.386483,15.692279999999998,183.2987,2467,2468,0.26269580000000003,0,1.654838e-06,0.0038107279999999998,0.01710748,0.004464135,2460,2468,0.37081240000000004,0.0,4.047451e-06,0.005993638000000001,0.02359706,0.005459188,2466,2468,0.297535,0.0,1.097628e-06,0.003828948,0.01800355,0.004116819,2457,2468,0.34933109999999995,0.0,4.8593889999999995e-06,0.007190613,0.02837739,0.0056794,2466,2468,1.0,0.0,2.1869220000000002e-07,0.01530505,0.05071194,0.0290417,2467,2468,1.0,0.0013276779999999999,1.9977440000000003e-06,0.01626917,0.05236503,0.02978052,2468,2468,1.2211710000000001e-05,8.291966e-11,-5.624024e-11,1.879577e-06,2.2322769999999998e-06,2.8760899999999996e-06,2468,2468,39
33752,0.025,0.9177474,0.02379444,-3.410737e-05,0.09247074,0.1398231,0.74616,1248,1248,460.517,-4.880424,0.07943255,39.26616,82.43254,30.103790000000004,1248,1248,321.2063,0,0.01114248,15.21863,36.01133,8.479477000000001,94,1248,458.4814,0.0,-0.05799896,35.31945,67.45079,138.455,1211,1248,0.7204108,0,-2.4701479999999996e-05,0.03239013,0.06105848,0.02800895,1200,1248,1.0,0.00040330300000000004,4.607946e-05,0.05696016,0.11865039999999999,0.04441494,1248,1248,0.7296314,0.0,-3.49012e-05,0.03482497,0.08060331,0.0274913,1198,1248,1.0,0.0,3.4615809999999995e-05,0.06011244,0.13063419999999998,0.04357774,1246,1248,0.6077621999999999,0.0,-6.48046e-05,0.05679339,0.07927058,0.0985478,1210,1248,0.6077621999999999,0.0006530143,-3.008218e-05,0.06449961,0.09049828,0.1073155,1248,1248,1.822395e-06,2.991205e-12,-1.46821e-10,5.5415710000000005e-08,1.293248e-07,4.649915e-08,1248,1248,1154
