,frameTime,voiceProb_sma_max,voiceProb_sma_min,voiceProb_sma_linregc1,voiceProb_sma_linregerrA,voiceProb_sma_stddev,voiceProb_sma_amean,voiceProb_sma_nnz,voiceProb_sma_duration,HNR_sma_max,HNR_sma_min,HNR_sma_linregc1,HNR_sma_linregerrA,HNR_sma_stddev,HNR_sma_amean,HNR_sma_nnz,HNR_sma_duration,F0_sma_max,F0_sma_min,F0_sma_linregc1,F0_sma_linregerrA,F0_sma_stddev,F0_sma_amean,F0_sma_nnz,F0_sma_duration,F0raw_sma_max,F0raw_sma_min,F0raw_sma_linregc1,F0raw_sma_linregerrA,F0raw_sma_stddev,F0raw_sma_amean,F0raw_sma_nnz,F0raw_sma_duration,jitterLocal_sma_max,jitterLocal_sma_min,jitterLocal_sma_linregc1,jitterLocal_sma_linregerrA,jitterLocal_sma_stddev,jitterLocal_sma_amean,jitterLocal_sma_nnz,jitterLocal_sma_duration,jitterDDP_sma_max,jitterDDP_sma_min,jitterDDP_sma_linregc1,jitterDDP_sma_linregerrA,jitterDDP_sma_stddev,jitterDDP_sma_amean,jitterDDP_sma_nnz,jitterDDP_sma_duration,jitterLocEnv_sma_max,jitterLocEnv_sma_min,jitterLocEnv_sma_linregc1,jitterLocEnv_sma_linregerrA,jitterLocEnv_sma_stddev,jitterLocEnv_sma_amean,jitterLocEnv_sma_nnz,jitterLocEnv_sma_duration,jitterDEnv_sma_max,jitterDEnv_sma_min,jitterDEnv_sma_linregc1,jitterDEnv_sma_linregerrA,jitterDEnv_sma_stddev,jitterDEnv_sma_amean,jitterDEnv_sma_nnz,jitterDEnv_sma_duration,shimmerLocal_sma_max,shimmerLocal_sma_min,shimmerLocal_sma_linregc1,shimmerLocal_sma_linregerrA,shimmerLocal_sma_stddev,shimmerLocal_sma_amean,shimmerLocal_sma_nnz,shimmerLocal_sma_duration,shimmerLocEnv_sma_max,shimmerLocEnv_sma_min,shimmerLocEnv_sma_linregc1,shimmerLocEnv_sma_linregerrA,shimmerLocEnv_sma_stddev,shimmerLocEnv_sma_amean,shimmerLocEnv_sma_nnz,shimmerLocEnv_sma_duration,pcm_intensity_sma_max,pcm_intensity_sma_min,pcm_intensity_sma_linregc1,pcm_intensity_sma_linregerrA,pcm_intensity_sma_stddev,pcm_intensity_sma_amean,pcm_intensity_sma_nnz,pcm_intensity_sma_duration,NUV,UV-V-portion,reg_label,dys_label,label
18261,0.025,0.9014063,0.07720246,-0.0001961665,0.07786489999999999,0.14377879999999998,0.8114756999999999,1208,1208,460.517,-17.12119,0.05123954,38.91393,88.04429,37.14993,1208,1208,406.7943,0.0,-0.03331137,20.20274,42.11172,147.5258,1143,1208,468.4477,0.0,-0.01916522,16.62792,43.35012,151.7733,1165,1208,0.6094919,0,1.856328e-05,0.01934299,0.05533163,0.01625659,1154,1208,0.6094919,0.0,4.5450790000000015e-05,0.02832929,0.06188969999999999,0.02258418,1200,1208,0.5825967,0.0,2.301367e-05,0.02581481,0.07125136,0.01887074,1153,1208,0.5825967,0.0,3.319785e-05,0.02891471,0.07255083,0.02195635,1199,1208,0.5730781999999999,0.0,6.852549e-05,0.04033273,0.06787477,0.07036942,1157,1208,0.6261211999999999,0.0,0.0001578183,0.05748032,0.11159389999999997,0.09093731,1200,1208,1.216638e-05,7.00316e-10,-1.77366e-09,1.194543e-06,1.796086e-06,1.601258e-06,1208,1208,65,0.05380794701986755,9,0,2
07920,0.025,0.9007747,0.1551246,-9.92792e-05,0.05768667,0.1090208,0.7024699999999999,998,998,159.7022,-25.54671,-0.004937906,3.236653,10.0557,8.682654,998,998,492.3076,0.0,0.03027827,32.85119,71.40594,114.3075,985,998,492.3076,63.68159,0.1030395,47.18446,88.20631,122.9335,998,998,0.6245816,0,2.856252e-05,0.0315465,0.06581593,0.02846586,995,998,0.6245816,9.383282e-05,2.864463e-05,0.03153011,0.06580013,0.02850968,998,998,0.7691399,0.0,5.401467e-06,0.030629000000000003,0.06667734,0.02576634,992,998,0.7691399,6.6374760000000014e-06,5.561899e-06,0.03059959,0.06665403,0.02584224,998,998,0.5747007,0.0,4.957008e-05,0.04761772,0.07202991,0.08690902,996,998,0.5747007,0.0002418598,5.026477e-05,0.04740669,0.07189943,0.087281,998,998,1.258058e-05,1.940257e-10,-1.290643e-09,7.052332e-07,1.226877e-06,8.299658000000002e-07,998,998,13,0.013026052104208416,11,0,0
44209,0.025,0.9424986,0.0664789,-0.0001044692,0.07832777,0.1432892,0.8592787000000001,1378,1378,460.517,-6.066954,0.02065219,29.68731,75.83884,36.99257,1378,1378,407.8633,0.0,-0.00503848,22.05517,46.2333,193.1913,1324,1378,468.556,0.0,0.006447715,18.53045,43.17624,196.8287,1344,1378,0.5211743,0,1.348174e-05,0.02874871,0.06450815,0.02765175,1336,1378,0.5211743,0.0,1.714526e-05,0.03712296,0.07214680000000001,0.03389904,1375,1378,0.676089,0.0,6.148632e-06,0.03516264,0.08215739,0.02868746,1334,1378,0.676089,0.0,1.238098e-05,0.03975358,0.08407424,0.03270361,1375,1378,0.7272486,0.0,5.186819000000001e-05,0.04423549,0.08220473,0.07813584,1344,1378,0.7272486,0.0,6.359239000000001e-05,0.05451483,0.1005996,0.08892661,1376,1378,2.445194e-06,4.618536e-10,-3.217255e-10,1.965638e-07,3.124126e-07,3.08765e-07,1378,1378,54,0.03918722786647315,13,0,0
24371,0.025,0.9572193,0.2490096,-0.00078398,0.1645671,0.2175866,0.7612681,408,408,460.517,-15.15546,0.28813,65.82983,111.3978,59.26696,408,408,484.9598,0.0,-0.03967311,66.42818,99.9726,203.0175,378,408,487.4091,0.0,-0.05514871,68.39139,99.97992,205.8942,388,408,0.6764455,0,0.0001643041,0.05916196,0.1021509,0.0469702,368,408,0.6764455,0.0004035282,0.0002788444,0.0742126,0.113382,0.06816766,408,408,0.9057038,0.0,0.0001877803,0.0591125,0.1144124,0.04529355,363,408,0.9057038,0.00032472990000000004,0.0002978976,0.06751581,0.1201763,0.06584924,408,408,0.9344298,0.0,0.000204547,0.09050297,0.134974,0.09816033,381,408,1.0,0.002358741,0.0003437501,0.1108198,0.16546470000000002,0.1329293,408,408,4.872212e-06,3.3277159999999996e-11,-2.123564e-09,3.30886e-07,6.302003e-07,3.562662000000001e-07,408,408,30,0.07352941176470587,13,0,2
29735,0.025,0.9255581,0.0290032,-2.579256e-05,0.04628873,0.1046832,0.8713318000000001,2418,2418,460.517,-11.47869,-0.006133316999999999,11.45096,45.59797,26.494840000000003,2418,2418,458.0652,0.0,0.003011771,14.7347,33.76276,185.1352,2382,2418,477.6119,0.0,0.005181429,12.71459,35.77317,188.2267,2399,2418,1.0,0,2.057568e-05,0.02538419,0.07182377,0.02049455,2389,2418,1.0,0.0,2.233681e-05,0.02929932,0.07609664,0.02287121,2412,2418,1.0,0.0,2.153153e-05,0.03005992,0.08243925,0.02120598,2388,2418,1.0,0.0,1.854021e-05,0.03408019,0.08531851,0.02392059,2414,2418,0.4507108,0.0,2.125122e-05,0.02870134,0.04785326,0.06638092,2397,2418,0.4507108,0.001159448,1.804399e-05,0.0338813,0.06003697,0.07131739,2418,2418,7.68778e-06,3.060521e-10,-2.87377e-10,3.876891e-07,6.623594e-07,4.900734e-07,2418,2418,36,0.014888337468982632,13,0,0
73828,0.025,0.9463856,0.1873435,5.277105e-05,0.08649276,0.1316861,0.8688306999999998,1978,1978,460.517,-14.00457,0.01200445,15.53525,50.44679,29.615790000000004,1978,1978,484.8485,0.0,0.01389431,17.54307,39.99423,195.0152,1949,1978,484.8485,0.0,0.01507408,18.01161,40.06429,195.5702,1961,1978,0.8986675999999999,0,-4.084760000000001e-05,0.05307315,0.1024772,0.03868923,1954,1978,0.8986675999999999,0.0001268974,-3.382388e-05,0.05980018,0.10708689999999997,0.04304928,1978,1978,0.9873991,0.0,-5.022444e-05,0.06593539999999999,0.126751,0.04638501,1949,1978,0.9873991,3.609546e-05,-4.839201e-05,0.07066251,0.1285531,0.04991371,1978,1978,0.7720613000000001,0.0,-4.140799e-05,0.05670795,0.09285676,0.05630216,1960,1978,0.7720613000000001,0.0006353976,-3.934694e-05,0.06294166,0.09964693,0.06119934,1978,1978,2.449935e-05,2.071697e-10,-6.439376e-11,3.974507e-06,5.08112e-06,4.704495e-06,1978,1978,29,0.014661274014155713,9,0,2
11739,0.025,0.9120126,0.08442596,-0.0001920085,0.06204438,0.1216271,0.8351648000000002,1198,1198,460.517,-13.29579,0.01690298,12.88395,33.938759999999995,23.40861,1198,1198,492.3076,0.0,0.0005993703,18.28294,44.02766,159.1094,1193,1198,492.3076,0.0,0.01577984,26.95878,56.6717,165.7794,1197,1198,0.5017228,0,5.710625e-05,0.028823,0.06254844,0.02177423,1191,1198,0.5017228,0.000114907,7.541846e-05,0.03601039,0.07004852,0.02571225,1198,1198,0.6605206,0.0,5.970944e-05,0.02963278,0.06778518,0.02110445,1189,1198,0.6605206,1.536078e-06,7.914392e-05,0.03713712,0.07964856,0.02534347,1198,1198,0.8327882999999999,0.0,8.818245000000001e-05,0.04809823,0.09487303,0.08431627,1195,1198,0.8987654,0.002135307,0.0001145168,0.05519795,0.11024380000000003,0.08995584,1198,1198,1.009352e-05,1.299449e-10,-4.16404e-09,8.611060999999998e-07,1.892114e-06,1.786956e-06,1198,1198,5,0.0041736227045075115,10,0,0
00359,0.025,0.9496744,0.041907099999999996,-4.736786e-05,0.07835215,0.1269882,0.806709,1788,1788,460.517,-13.520999999999999,0.0248676,20.48671,53.82506,24.19069,1788,1788,483.6424,0.0,-0.01301295,12.66771,31.42138,138.9972,1762,1788,484.8485,0.0,-0.007158028,11.47622,32.54515,138.9805,1771,1788,0.7200681999999999,0,3.976229e-06,0.03622667,0.08437641,0.02807698,1760,1788,0.7200681999999999,0.00012268790000000002,2.126558e-05,0.04383453,0.09124593,0.03356004,1788,1788,1.0,0.0,6.607894e-06,0.03951865,0.0972715,0.02894229,1759,1788,1.0,0.0002933945,2.207006e-05,0.04664372,0.1022492,0.03414087,1788,1788,0.8673267,0.0,1.670472e-05,0.05461705,0.0965733,0.06586629,1760,1788,0.8673267,0.0,3.4529109999999995e-05,0.06061253,0.1049153,0.07162454,1781,1788,7.461163000000001e-08,2.214643e-12,-4.256711e-12,5.936928000000002e-09,8.738398000000001e-09,8.013048e-09,1788,1788,26,0.0145413870246085,9,0,2
47939,0.025,0.9403282,0.1764241,-2.527027e-05,0.06015621,0.1198082,0.8961231,1208,1208,460.517,-12.91632,-0.012331700000000001,13.79229,46.04497,31.61933,1208,1208,450.3629,0.0,0.01051444,14.9523,37.88805,197.9849,1181,1208,482.7944,0.0,0.006854776999999999,10.68698,32.44279,201.8171,1200,1208,0.7707384,0,3.083348e-05,0.0258957,0.06984558,0.01761346,1196,1208,0.7707384,8.096785e-05,3.134744e-05,0.03396203,0.07838859,0.02239695,1208,1208,0.6588034,0.0,1.402867e-05,0.02245791,0.06082075,0.01513077,1190,1208,0.6588034,0.0001107959,2.111831e-05,0.03027565,0.06862029,0.01962477,1208,1208,0.6702201999999999,0.0,3.836273e-05,0.033264,0.07207816,0.05030637,1200,1208,0.8712011000000001,0.0002838001,4.004273e-05,0.04298225,0.09049105,0.05695769,1208,1208,1.261951e-05,2.071697e-10,-1.274235e-09,1.417828e-06,2.050208e-06,1.6194579999999996e-06,1208,1208,27,0.022350993377483443,13,0,0
53870,0.025,0.9746704,0.3042767,-0.0006141863,0.1091466,0.1780055,0.7769640999999999,578,578,163.8368,-20.46694,-0.04282233,8.417157000000001,18.64202,16.2872,578,578,468.7521,68.26177,-0.1501502,50.49822,76.1968,194.799,578,578,482.5105,50.11081,-0.09096280000000001,61.92496,86.52552,202.0861,578,578,0.889059,0,0.0002824036,0.07412086,0.1352269,0.06483719,574,578,0.889059,0.0,0.0002901363,0.07496399,0.1359567,0.06590406,574,578,0.9819541,0.0002698846,0.0002957094,0.08320531,0.1552219,0.06944627,578,578,0.9819541,0.0002698846,0.0003327645,0.09178428,0.1699886,0.07657169999999999,578,578,0.7585152,0.0005013383,0.0003843621,0.08206244,0.1425797,0.09655561,578,578,0.7585152,0.0005013383,0.0003856736,0.08263489,0.143204,0.09764633,578,578,1.991345e-05,4.993012e-11,-1.297515e-08,2.19521e-06,3.833844e-06,2.874971e-06,578,578,0,0.0,7,1,2
55029,0.025,0.9463329,0.17356229999999995,-0.0007374465,0.184374,0.2316354,0.6073451999999999,358,358,460.517,-19.32133,0.5314916000000001,75.61575,122.0715,55.82411999999999,358,358,492.3076,0.0,-0.216766,102.4697,129.4156,254.1123,328,358,492.3076,0.0,-0.2357829,111.8679,132.4778,270.9066,335,358,0.6623679,0,-0.000139695,0.08816992,0.1107001,0.1029733,329,358,0.6623679,0.0013099639999999998,0.0001437849,0.08656745,0.1109895,0.1276029,358,358,0.7989221,0.0,-0.0001815742,0.08080053,0.11635539999999997,0.09044562,324,358,0.7989221,0.001255784,4.530224e-05,0.08142509,0.1152001,0.1116357,358,358,0.9015458,0.0,0.0001977781,0.2060862,0.240484,0.2624411,335,358,1.0,0.0065979590000000005,0.0009710402,0.2128754,0.27186259999999995,0.3242212,358,358,2.139525e-05,1.652928e-10,-1.2846930000000002e-08,1.853608e-06,3.425235e-06,1.295901e-06,358,358,30,0.08379888268156424,11,2,2
05068,0.025,0.896848,0.02865628,-0.0004841664,0.1200146,0.216892,0.6787211,1048,1048,460.517,-22.07452,0.02805472,29.50072,69.81534,22.86869,1048,1048,484.9598,0.0,0.08840962,60.16317,97.37182,173.7149,1014,1048,492.3076,0.0,0.121759,64.58634,102.2581,180.074,1031,1048,1.0,0,0.0002085211,0.109802,0.1886347,0.09915007,1020,1048,1.0,0.0,0.0002310511,0.10956019999999997,0.1894106,0.1045992,1042,1048,1.0,0.0,0.0002034833,0.1191808,0.1961472,0.1042385,1020,1048,1.0,0.0,0.0002419156,0.1223053,0.1999093,0.113554,1047,1048,1.0,0.0,0.0004144101,0.1432985,0.2300664,0.1830433,1028,1048,1.0,0.001514122,0.000448468,0.138665,0.230445,0.1918181,1048,1048,6.669713e-06,2.968772e-10,-6.041337e-10,5.254311e-07,8.420311999999998e-07,5.814198e-07,1048,1048,34,0.03244274809160305,13,0,0
61496,0.025,0.7635751000000001,0.2243381,1.3714429999999998e-06,0.04957336,0.06342516,0.4517969,2658,2658,460.517,-19.10223,0.009774834,13.54361,43.44716,2.94401,2658,2658,462.7289,0.0,0.09571584,79.66393000000002,124.6976,187.579,2633,2658,480.0951,0.0,0.08996998,84.52445,125.6544,177.93900000000002,2646,2658,1.0,0,6.466793000000001e-05,0.2154128,0.2713095,0.2106734,2480,2658,1.0,0.0,7.196096e-05,0.2153084,0.2725193,0.2165902,2511,2658,1.0,0.0,6.831701e-05,0.2600288,0.3083959000000001,0.2554884,2619,2658,1.0,7.795784e-05,7.165581e-05,0.2694173,0.3169215,0.2699322,2658,2658,0.9021739,0.0,0.0001073265,0.1575506,0.2104573,0.3049099,2640,2658,0.9021739,0.001282286,0.0001112409,0.1559194,0.20964210000000005,0.3085768,2658,2658,3.202184e-06,1.228983e-10,-6.392146e-11,7.074433e-08,1.6722360000000002e-07,7.681518e-08,2658,2658,25,0.009405568096313018,13,0,0
50377,0.025,0.9486576,0.03268147,4.4940750000000015e-06,0.01245471,0.05162118,0.9323562,2368,2368,460.517,-5.504747,0.0001599398,1.242194,12.30562,27.43206,2368,2368,385.098,0.0,0.002497564,2.8292900000000003,11.62172,207.4768,2365,2368,389.8721,0.0,0.003515953,2.821273,10.50358,207.4793,2367,2368,0.8266048,0,-4.184181e-06,0.006694763,0.03312906,0.005842231,2364,2368,0.8266048,0.0,-3.931562e-06,0.006783622,0.03326617,0.005942067,2366,2368,0.6477316999999999,0.0,-3.493157e-06,0.006486542,0.03181045,0.005385441,2364,2368,0.6477316999999999,0.0,-2.306609e-06,0.007125044000000001,0.03475348,0.00585437,2366,2368,0.5181194,0.0,2.808843e-06,0.01356442,0.03494167,0.02579414,2367,2368,0.5181194,0.0,3.3382199999999994e-06,0.01388579,0.03604738,0.02600342,2367,2368,1.7824110000000002e-05,9.306388e-10,2.579346e-10,2.0432640000000003e-06,2.526283e-06,3.514462e-06,2368,2368,3,0.001266891891891892,10,1,2
44574,0.025,0.9098158000000002,0.2019486,-0.0002899088,0.1215617,0.18224820000000005,0.6512422,1358,1358,313.3351,-22.96552,0.0006193098999999999,16.997970000000002,38.99001,12.92305,1358,1358,468.8576,0.0,0.06142613,53.98877,79.39803,184.3636,1349,1358,449.4172,64.60406,0.08348398,62.65297,88.09588000000002,191.2122,1358,1358,0.9830772,0,0.00012353899999999998,0.1120024,0.1660912,0.1173825,1350,1358,0.9830772,0.0,0.0001319136,0.1124404,0.1667494,0.1215239,1355,1358,1.0,0.0,0.00012677870000000002,0.1295439,0.1872811,0.1263256,1345,1358,1.0,0.0,0.0001343285,0.128924,0.1872409,0.13031220000000002,1354,1358,0.8368368,0.0,0.00017359599999999998,0.1059724,0.15429779999999998,0.1919082,1329,1358,0.8368368,0.0,0.0001844912,0.1057357,0.1560405,0.1966982,1331,1358,5.715634e-05,3.23798e-10,-1.107883e-08,4.498719e-06,8.10221e-06,4.894026e-06,1358,1358,9,0.00662739322533137,4,2,3
76373,0.025,0.9210868,0.05092772,-0.0003521124,0.1733094,0.22772270000000006,0.6040612,858,858,460.517,-26.00591,0.13687760000000002,56.07595,93.47525,37.43488,858,858,492.3076,0.0,0.03269602,73.43092,105.212,167.2068,763,858,492.3076,0.0,0.03953016,92.53139,116.4237,217.7126,840,858,0.8411579,0,0.0001216398,0.1101891,0.1436829,0.1310433,811,858,0.8411579,0.0,0.0002372674,0.1066188,0.1481552,0.1567721,857,858,1.0,0.0,0.0001167207,0.1154139,0.1624354,0.1274603,795,858,1.0,0.0,0.0002604148,0.1157129,0.1732954,0.1566616,857,858,0.8936761000000001,0.0,0.0001365174,0.1256264,0.17083679999999998,0.2008007,826,858,0.8936761000000001,0.003548415,0.0002577301,0.1268308,0.180843,0.2311164,858,858,9.254965e-06,9.859474e-11,-1.812732e-09,5.470307e-07,1.0323299999999998e-06,5.444605999999999e-07,858,858,95,0.11072261072261072,5,0,3
68117,0.025,0.954896,0.01447306,-0.0001162366,0.06618785,0.1350007,0.8986616,1208,1208,460.517,-9.099847,0.04161472,21.82821,54.78325,34.70809000000001,1208,1208,435.1131,0.0,-0.05785452,14.95062,40.57078,216.9094,1183,1208,442.3665,0.0,-0.04247922,11.2202,34.74926,218.4483,1196,1208,0.6730995,0,-1.132401e-05,0.02307805,0.05931779,0.01679542,1187,1208,0.6786441999999999,0.00031367790000000003,3.041052e-05,0.03734928,0.08372942,0.02550983,1208,1208,0.6622380999999999,0.0,-1.923542e-05,0.02111399,0.05899061,0.01468479,1183,1208,0.6766884,0.0002517074,7.5669629999999985e-06,0.02995789,0.07592063,0.02032308,1208,1208,0.7514845,0.0,5.887426e-06,0.03261097,0.07092525,0.05339612,1190,1208,0.7514845,0.003351301,4.408603e-05,0.042344599999999996,0.08929712,0.06131086,1208,1208,4.418259e-06,1.048648e-10,-5.947713e-10,2.727943e-07,4.436453e-07,4.968568e-07,1208,1208,25,0.0206953642384106,13,0,0
88947,0.025,0.8267260000000001,0.1766902,-8.813276e-05,0.06647184,0.113979,0.7762198,1587,1587,313.2146,-17.5981,-0.007486773,4.361749,13.27273,13.47519,1587,1587,398.8907,0.0,-0.01546748,10.63955,24.71005,112.0486,1579,1587,473.467,55.29968,-0.01394726,10.19822,27.74442,114.3307,1587,1587,1.0,0,9.025404e-05,0.06324435,0.1335534,0.03615308,1576,1587,1.0,0.0,8.926113000000001e-05,0.0633701,0.1337223,0.03641737,1576,1587,1.0,0.0,8.651898999999999e-05,0.06257389,0.1316174,0.0359217,1586,1587,1.0,5.5324680000000015e-05,8.778950999999999e-05,0.06396527,0.1330772,0.03697181,1587,1587,0.8999269,0.0,8.482476999999999e-05,0.05967157,0.1178623,0.06166647,1584,1587,0.8999269,0.0,8.316978e-05,0.06010029,0.1184529,0.06210699,1584,1587,1.079956e-05,5.8778050000000005e-09,-2.371807e-10,1.785933e-06,2.139445e-06,2.771241e-06,1587,1587,8,0.005040957781978576,13,0,0
45758,0.025,0.9880816,0.08999567,-9.516011e-05,0.1560236,0.2027436,0.8164786,2188,2188,460.517,-45.23827,0.003700802,21.06488,63.17203000000001,30.48309,2188,2188,492.3076,0.0,0.04402862,43.02175,74.32384,241.2178,2140,2188,492.3076,0.0,0.04860519,47.3269,79.08997,240.0598,2153,2188,1.0,0,2.003904e-05,0.09091,0.1447892,0.06924372,2147,2188,1.0,0.0,2.429752e-05,0.09231933,0.14550629999999998,0.07227876,2184,2188,1.0,0.0,7.820515e-06,0.1061584,0.164436,0.07623325,2141,2188,1.0,0.0,8.082121e-06,0.1090745,0.1650272,0.08076157,2185,2188,1.0,0.0,7.920255e-05,0.1073903,0.1640034,0.1197452,2152,2188,1.0,0.0,8.854876e-05,0.1117945,0.1687931,0.1257534,2186,2188,1.177609e-05,3.106252e-12,-4.978103e-10,7.412423000000002e-07,1.161236e-06,1.068191e-06,2188,2188,48,0.021937842778793414,13,0,0
25066,0.025,0.7911599,0.2010628,-2.180845e-05,0.02943108,0.0645724,0.706956,2758,2758,460.517,-27.51567,-0.001876946,2.36724,14.60237,9.382366,2758,2758,438.9555,0.0,0.0052618380000000005,9.422248,32.36132,95.96552,2753,2758,438.5185,0.0,0.00935923,11.89046,35.62818,96.55344,2756,2758,0.9271889,0,7.728061e-06,0.01006132,0.03667233,0.009732421,2717,2758,0.9271889,0.0,8.950698e-06,0.01133763,0.04141667,0.010312299999999998,2718,2758,0.7684858,0.0,5.213048e-06,0.008992725,0.03431585,0.009193759,2752,2758,0.7684858,0.0,5.3640920000000015e-06,0.00919705,0.03439482,0.009479891,2754,2758,0.7089308000000001,0.0,1.4513220000000003e-05,0.02781595,0.0487911,0.04833209,2756,2758,0.7089308000000001,0.0,1.45418e-05,0.027834699999999997,0.04883493,0.04834566,2756,2758,1.255054e-05,1.587928e-10,-3.791538e-10,1.713696e-06,2.207269e-06,2.1556200000000003e-06,2758,2758,5,0.001812907904278463,13,0,0
78597,0.025,0.9697651,0.247188,-0.0001518672,0.08819939,0.1440495,0.8654757,1208,1208,460.517,-11.7482,-0.003756937,9.300117,30.56754,25.87699,1208,1208,482.6525,0.0,0.05647923,31.11522,52.8154,220.8459,1205,1208,477.8959,0.0,0.06896183,31.24452,53.45008000000001,222.2011,1207,1208,0.6779982,0,6.568788e-05,0.03491462,0.06612059,0.02804553,1205,1208,0.7167906999999999,4.050102000000001e-05,7.331977e-05,0.04046949,0.07816552,0.03205385,1208,1208,0.5460585,0.0,5.639646e-05,0.03423331,0.0661911,0.02630099,1203,1208,0.5738831,0.0001591528,6.457244000000001e-05,0.03815449,0.07319791,0.02939617,1208,1208,0.9408536,0.0,0.0001134979,0.06278206,0.1066083,0.0795498,1206,1208,0.9408536,0.002470511,0.0001180808,0.0653929,0.109316,0.08226130000000001,1208,1208,1.154304e-05,7.641954e-11,-9.295542e-10,5.305866999999999e-07,9.01338e-07,7.136665000000002e-07,1208,1208,3,0.002483443708609272,8,0,2
32762,0.025,0.9197076,0.02422742,9.099066e-05,0.1091446,0.15444639999999998,0.7584059,1168,1168,460.517,-16.15051,0.01695179,16.36226,52.27424,21.23476,1168,1168,491.0645,0.0,0.04510698,30.12319,63.42174,178.9127,1145,1168,492.3076,0.0,0.06200865,35.97776,70.52753,182.875,1158,1168,0.7527001,0,2.641197e-05,0.04914851,0.08664343,0.04495298,1143,1168,0.7527001,0.0,3.336354e-05,0.05672118,0.09233308,0.05078044,1164,1168,0.8102686,0.0,2.3864970000000007e-05,0.04363867,0.08282807,0.0392019,1139,1168,0.8102686,0.0,2.5526390000000006e-05,0.04826411,0.08472789,0.04322402,1164,1168,0.6821763000000001,0.0,-1.910284e-05,0.06829273,0.09918084,0.1220282,1151,1168,0.6821763000000001,0.0,-1.5877929999999998e-05,0.0701476,0.101592,0.124736,1165,1168,1.045463e-06,1.225244e-11,-9.723989e-11,9.572432e-08,1.45266e-07,1.275428e-07,1168,1168,23,0.01969178082191781,7,0,2
80292,0.025,0.9531272,0.1239399,-0.0006032872,0.09025786,0.1554787,0.8893868,348,348,460.517,-4.8562,0.14037470000000002,22.44626,53.34157,36.11792,348,348,446.6114,0.0,-0.03885954,16.32338,49.91483,247.4918,340,348,449.5743,0.0,0.02059199,22.29476,49.37459000000001,255.015,346,348,0.3934264,0,0.0001679177,0.03024119,0.05886348,0.02183839,343,348,0.6461138000000001,0.0009204582,0.000233926,0.03581442,0.07247819,0.02600334,348,348,0.3556217,0.0,9.537937e-05,0.02551459,0.05156019,0.01862939,340,348,0.7279393,0.0001706188,0.0002447271,0.03938822,0.07904033,0.0279545,348,348,0.5429086999999999,0.0,0.00026280220000000004,0.05177689,0.08308654,0.06519479,343,348,0.5429086999999999,0.006339374,0.0003962567,0.06196036,0.09648427,0.07326727,348,348,1.12059e-05,3.347919e-08,-6.137771e-09,1.879956e-06,2.388358e-06,3.585307e-06,348,348,8,0.02298850574712644,5,1,3
18771,0.025,0.7916968000000001,0.03895852,6.257541e-06,0.04872466,0.06975705,0.6278179,3368,3368,460.517,-31.48491,0.002455815,4.714443,21.75418,7.13172,3368,3368,488.6877,0.0,-0.0003688145,14.83415,42.59853,101.8834,3357,3368,485.0678,0.0,0.001162352,19.94031,49.0831,104.8396,3367,3368,1.0,0,-1.47177e-05,0.05147851,0.1182657,0.03662618,3326,3368,1.0,0.0,-1.320921e-05,0.05394808,0.121254,0.03800633,3331,3368,1.0,0.0,-2.216436e-05,0.06647665,0.1422315,0.04366994,3359,3368,1.0,2.616302e-05,-2.141163e-05,0.06822817,0.1439852,0.04496785,3368,3368,0.7185686,0.0,-1.5401e-05,0.06746335,0.09506377,0.1280174,3366,3368,0.7185686,0.0004028886,-1.5039370000000003e-05,0.06863122,0.09629552,0.1292517,3368,3368,3.242315e-06,2.709917e-10,-2.799581e-11,1.092886e-07,2.000618e-07,1.266032e-07,3368,3368,11,0.0032660332541567696,13,0,0
38717,0.025,0.8828282,0.2077888,-4.660904e-05,0.06827873,0.110913,0.7990385,1488,1488,20.36731,-17.112560000000002,-0.002491983,3.845376,6.1281349999999986,14.334829999999998,1488,1488,484.8485,0.0,0.03708598,20.253,45.40738,139.2515,1487,1488,484.8485,64.77857,0.04949564,28.08615,58.23083000000001,143.4312,1488,1488,1.0,0,1.685149e-05,0.05904717,0.1219526,0.04021776,1487,1488,1.0,0.0,1.685149e-05,0.05904717,0.1219526,0.04021776,1487,1488,1.0,0.0,1.7169679999999998e-05,0.04802936,0.1021742,0.0337733,1487,1488,1.0,0.0,1.7169679999999998e-05,0.04802936,0.1021742,0.0337733,1487,1488,0.763238,0.0,6.441985e-05,0.05355769,0.09245268,0.08559591,1487,1488,0.763238,0.0,6.441985e-05,0.05355769,0.09245268,0.08559591,1487,1488,9.482262e-06,3.106252e-10,-4.248451e-10,6.990824999999999e-07,1.042885e-06,1.088217e-06,1488,1488,1,0.0006720430107526883,13,1,2
42080,0.025,0.9781544,0.05265571,0.0001184497,0.1290637,0.1775511,0.8433091999999999,628,628,460.517,-9.663166,-0.08005754,22.6985,57.60664000000001,29.75558,628,628,446.531,0.0,0.1731433,32.80278,63.2753,304.758,610,628,446.531,0.0,0.1447995,28.22505,53.1133,307.7218,619,628,0.2786843,0,-1.5794579999999998e-05,0.02729427,0.04286264,0.0224355,619,628,0.2786843,0.0,-2.261443e-05,0.02844298,0.04459534,0.02318262,619,628,0.3007829,0.0,-1.742737e-05,0.02697786,0.04406634,0.02156755,618,628,0.3007829,0.0,-2.27106e-05,0.02780142,0.04497861,0.022147299999999998,619,628,0.4487876,0.0,4.710835e-05,0.06723917,0.08330014,0.121867,619,628,0.4487876,0.0,3.919563e-05,0.06800998,0.08371712,0.1227338,619,628,6.696671999999999e-05,6.316621e-10,-1.967864e-08,3.744056e-06,7.440497e-06,4.518488e-06,628,628,18,0.028662420382165606,7,0,2
13691,0.025,0.7899635,0.04476884,-6.390126e-05,0.07140063,0.1084826,0.7097925,1598,1598,311.0193,-23.29925,-0.001104369,5.952314,25.45386,11.76305,1598,1598,452.3214,0.0,0.01060969,14.49918,37.95846,115.2313,1581,1598,457.406,42.32804,0.02757159,21.53944,47.11092,120.0826,1598,1598,0.9097104,0,7.50637e-05,0.06076271,0.12187089999999998,0.04239202,1594,1598,0.9097104,1.064781e-05,7.118336e-05,0.06333598,0.12535639999999998,0.04479239,1598,1598,0.9055244,0.0,7.509319000000001e-05,0.06486045,0.1284233,0.04388561,1588,1598,0.9055244,6.7247940000000015e-06,6.981764e-05,0.06826045,0.1322202,0.04717112,1598,1598,0.8415484000000001,0.001377215,4.261258e-05,0.0842687,0.1174065,0.138189,1598,1598,0.8415484000000001,0.001377215,4.43028e-05,0.08664826,0.1199692,0.14045839999999998,1598,1598,4.705597e-06,1.366665e-09,-4.401072e-10,4.357951e-07,6.53297e-07,5.969036e-07,1598,1598,17,0.010638297872340424,13,0,0
95465,0.025,0.9347829,0.1993196,-0.0001205471,0.0776678,0.1410474,0.8725113999999999,1138,1138,460.517,-17.62544,-0.01414486,5.963655,19.95277,22.940520000000006,1138,1138,459.2499,0.0,0.02862967,20.92558,47.23,204.1156,1131,1138,460.2108,0.0,0.0176679,19.46948,47.27483,206.7051,1137,1138,0.9284897,0,3.200382e-05,0.02207303,0.05991663,0.01659512,1136,1138,0.9284897,4.081836e-05,2.878757e-05,0.02286109,0.06087388,0.01721605,1138,1138,0.9432508,0.0,3.059939e-05,0.02194283,0.06088448,0.01532987,1136,1138,0.9432508,8.847002e-05,2.832985e-05,0.02249802,0.06133043,0.01576802,1138,1138,0.8199649,0.0,0.0001382396,0.06671137,0.1274121,0.08006867,1136,1138,0.8199649,0.00301792,0.0001315768,0.06762081,0.1294594,0.08135499,1138,1138,5.3932169999999984e-06,7.407261e-10,-5.428238e-10,7.958871999999998e-07,1.049029e-06,8.673898e-07,1138,1138,7,0.006151142355008786,13,0,0
35063,0.025,0.940835,0.1705445,-0.0005282051,0.1415948,0.1905475,0.5868106,518,518,460.517,-26.86906,0.121473,42.89691,83.48272,21.56832,518,518,419.8651,0.0,-0.1408279,56.188930000000006,80.85265,196.6703,494,518,492.3076,0.0,-0.09064223,62.57853000000001,87.10503,205.1332,505,518,1.0,0,0.00027277080000000003,0.157906,0.219063,0.16951870000000002,499,518,1.0,0.0,0.0004569897,0.1578616,0.2250069,0.187326,516,518,1.0,0.0,0.0003570034,0.1747047,0.2335619,0.1813275,500,518,1.0,0.0008682103,0.0004271572,0.1687185,0.23054610000000006,0.189571,518,518,1.0,0.0,0.0001787732,0.2127691,0.2488005,0.31525679999999995,504,518,1.0,0.00281784,0.0002353004,0.2061228,0.2431325,0.3218257,518,518,1.4568629999999997e-05,8.553985e-10,-3.464159e-09,1.460213e-06,2.214922e-06,1.403056e-06,518,518,24,0.04633204633204633,6,1,3
58812,0.025,0.9155017,0.1789438,-0.0001572464,0.0882495,0.1474758,0.8145819999999999,1548,1548,460.517,-15.53315,0.002085186,6.757994999999998,29.48533,18.92667,1548,1548,412.9204,0.0,-0.02641483,12.26714,28.29359,172.47099999999998,1535,1548,453.159,0.0,-0.01152639,10.74155,30.512290000000004,175.882,1544,1548,1.0,0,0.0001095645,0.07071355,0.1357285,0.04672888,1543,1548,1.0,9.256766e-05,0.0001156304,0.07242008,0.1368404,0.04832173,1548,1548,1.0,0.0,0.0001143461,0.07189513,0.1348656,0.04554833,1542,1548,1.0,1.535214e-05,0.00012220350000000002,0.07451887,0.1365696,0.04761206,1548,1548,1.0,0.0,8.567620999999999e-05,0.0632875,0.1197296,0.1020269,1544,1548,1.0,0.0001661493,9.250118e-05,0.06456222,0.1209274,0.10381780000000003,1548,1548,2.81642e-06,6.019801e-10,-2.309313e-10,1.297328e-07,2.353553e-07,2.223572e-07,1548,1548,13,0.008397932816537468,13,0,0
26753,0.025,0.8710915000000001,0.01982925,-1.865151e-05,0.037189099999999996,0.07701418,0.793575,3378,3378,460.517,-8.494485000000001,0.005605218,11.2327,41.15135,19.31237,3378,3378,470.69,0.0,-0.001348974,8.302124000000001,26.81221,121.1547,3354,3378,472.9973,0.0,0.002751758,9.831839,32.92978,122.8765,3361,3378,1.0,0,7.679933999999999e-06,0.0151101,0.04858671,0.01302635,3344,3378,1.0,9.042675e-06,1.089545e-05,0.01920711,0.05420728,0.01531998,3378,3378,0.7953534000000001,0.0,7.875273e-06,0.0148861,0.04810482,0.01193749,3339,3378,0.7953534000000001,8.862819e-06,1.064228e-05,0.01826153,0.05146427,0.01392365,3378,3378,0.6568658,0.0,1.4633829999999994e-05,0.035567699999999994,0.05874283,0.05929303,3354,3378,0.6568658,6.428787e-08,2.0852820000000006e-05,0.04073851,0.07077068,0.06377063,3378,3378,1.947352e-06,1.113074e-10,-9.753469e-11,1.810704e-07,2.543771e-07,2.9450329999999995e-07,3378,3378,24,0.007104795737122558,12,0,0
56896,0.025,0.9441285,0.04264801,-0.0001019401,0.0804183,0.1346258,0.7517305999999999,2288,2288,460.517,-17.472070000000002,0.002501816,22.41267,65.30117,23.80161,2288,2288,484.8485,0.0,0.01897375,26.80273,56.61765,147.2622,2243,2288,484.8485,0.0,0.02629401,30.45942,59.40731,148.9207,2250,2288,1.0,0,6.57426e-05,0.06012708,0.11976760000000003,0.04508937,2226,2288,1.0,0.0,6.837295e-05,0.06775410000000001,0.1297933,0.05367247,2287,2288,0.9052765,0.0,6.934041e-05,0.06490599999999999,0.1231402,0.04747919,2222,2288,0.9052765,0.0001119779,8.120113e-05,0.07210554,0.13426860000000002,0.05512643,2288,2288,0.8700249,0.0,6.310422e-05,0.06467132,0.1043276,0.1125332,2242,2288,0.8700249,0.0005636807,6.762380999999999e-05,0.06832922,0.1089771,0.1199842,2288,2288,8.192674e-06,2.930806e-11,-3.372698e-10,2.769431e-07,6.699563e-07,2.326908e-07,2288,2288,45,0.019667832167832168,6,1,3
95407,0.025,0.9125233,0.315215,-0.0002792008,0.08377527,0.1262723,0.7359019,418,418,460.517,-29.28104,-0.07798071,12.22501,37.6793,14.3347,418,418,482.4363,0.0,0.33849179999999995,49.61269,85.82291,140.1598,413,418,482.5105,0.0,0.4041123,57.6927,95.64389,149.06799999999998,417,418,0.8554553,0,0.0003480751,0.05928361,0.1091088,0.04681574,413,418,0.8554553,0.0,0.0003480751,0.05928361,0.1091088,0.04681574,413,418,0.8510777,0.0,0.0003056619,0.05386271,0.1110189,0.04231939,413,418,0.8510777,0.0,0.0003056619,0.05386271,0.1110189,0.04231939,413,418,0.8020215,0.0,0.0001565076,0.06996736,0.1036748,0.1131151,416,418,0.8020215,0.0054213740000000005,0.000104382,0.07509457,0.1093933,0.1168174,418,418,8.398669e-06,9.850844000000001e-11,-3.32339e-09,1.181442e-06,1.648991e-06,1.638055e-06,418,418,5,0.011961722488038276,6,1,3
47647,0.025,0.9246733,0.1000049,-7.258978e-05,0.05925576,0.1299258,0.8714261999999999,898,898,314.7788,-10.37756,-0.001962035,11.85354,36.06961,28.1333,898,898,440.8926,0.0,0.00648354,8.033897,31.66818,187.5128,885,898,461.5384,131.6872,0.02128567,12.13836,32.81518,194.0458,898,898,0.35300640000000005,0,3.126993e-05,0.01401961,0.03544469,0.011504799999999999,895,898,0.4202913,0.0002990984,3.307622e-05,0.02092999,0.04861296,0.0156674,898,898,0.33397540000000003,0.0,2.878358e-05,0.01134171,0.02960461,0.008811178000000001,891,898,0.33397540000000003,0.0001063944,3.253881e-05,0.01765758,0.04048938,0.01278423,898,898,0.4954512,0.0,6.535365e-05,0.03200659,0.06033339,0.06654381,897,898,0.5693191,0.0025235920000000003,7.205696999999999e-05,0.0397615,0.07764931,0.07257307,898,898,6.281651000000001e-06,1.297838e-09,-1.308885e-09,4.088515000000001e-07,7.327460999999998e-07,5.887914e-07,898,898,13,0.014476614699331846,13,0,0
81392,0.025,0.9182436,0.15509360000000005,0.0002914971,0.1346643,0.1721014,0.5573137,563,563,307.0501,-29.30844,-0.01650113,11.79183,28.79325,7.201815,563,563,492.3076,0.0,-0.09780309,131.157,148.2785,326.4377,550,563,492.3076,74.07406999999998,-0.04240209,137.283,148.5547,334.5845,563,563,0.8307113000000002,0,-7.372809e-05,0.09503560000000001,0.1286805,0.16750479999999998,561,563,0.8307113000000002,0.001876674,-8.932999e-05,0.09504963,0.1286234,0.17007329999999998,563,563,0.775579,0.0,-2.848821e-05,0.09438973,0.13368,0.1492406,557,563,0.775579,0.0,-5.847846e-05,0.09392474,0.1329259,0.1534614,561,563,0.8044464,0.0021045720000000003,-0.0002283687,0.09897485,0.1353374,0.2381483,563,563,0.8044464,0.0021045720000000003,-0.0002490285,0.09908330000000001,0.1361236,0.2413319,563,563,8.635205e-06,5.101731e-10,1.804162e-09,6.519853e-07,1.190557e-06,5.427523000000001e-07,563,563,13,0.023090586145648316,5,1,3
16486,0.025,0.9294472,0.1163038,-6.984364e-06,0.01684864,0.06807481,0.9119675,2468,2468,460.517,-21.06701,0.003851555,4.292236,21.08972,25.70825,2468,2468,375.7533,0.0,-0.001299196,3.483741,16.10171,181.722,2456,2468,455.0588,0.0,0.0009250297,3.386483,15.692279999999998,183.2987,2467,2468,0.26269580000000003,0,1.654838e-06,0.003810728,0.01710748,0.004464135,2460,2468,0.3708124,0.0,4.047451e-06,0.005993638000000001,0.02359706,0.005459188,2466,2468,0.297535,0.0,1.097628e-06,0.003828948,0.01800355,0.004116819,2457,2468,0.34933109999999995,0.0,4.859389e-06,0.007190613,0.02837739,0.005679399999999999,2466,2468,1.0,0.0,2.186922e-07,0.01530505,0.05071194,0.029041700000000004,2467,2468,1.0,0.001327678,1.9977440000000003e-06,0.01626917,0.05236503,0.02978052,2468,2468,1.221171e-05,8.291966e-11,-5.624024e-11,1.879577e-06,2.232277e-06,2.87609e-06,2468,2468,12,0.004862236628849271,13,0,0
33752,0.025,0.9177474,0.02379444,-3.410737e-05,0.09247074,0.1398231,0.74616,1248,1248,460.517,-4.880424,0.07943255,39.26616,82.43254,30.103790000000004,1248,1248,455.1836,0.0,-0.07234309,37.4848,67.58156,137.9109,1205,1248,458.4814,0.0,-0.05799896,35.31945,67.45079,138.455,1211,1248,0.7204108,0,-2.470148e-05,0.03239013,0.06105848,0.02800895,1200,1248,1.0,0.000403303,4.607946e-05,0.05696016,0.1186504,0.04441494,1248,1248,0.7296314,0.0,-3.49012e-05,0.03482497,0.08060331,0.0274913,1198,1248,1.0,0.0,3.4615809999999995e-05,0.06011244,0.13063419999999998,0.04357774,1246,1248,0.6077621999999999,0.0,-6.48046e-05,0.05679339,0.07927058,0.0985478,1210,1248,0.6077621999999999,0.0006530143,-3.008218e-05,0.06449961,0.09049828,0.1073155,1248,1248,1.822395e-06,2.991205e-12,-1.46821e-10,5.541571000000001e-08,1.293248e-07,4.649915e-08,1248,1248,43,0.034455128205128215,12,0,2
