id,frameTime,voiceProb_sma_range,voiceProb_sma_stddev,voiceProb_sma_amean,voiceProb_sma_nnz,voiceProb_sma_duration,voiceProb_sma_upleveltime0.0,voiceProb_sma_downleveltime0.0,HNR_sma_range,HNR_sma_stddev,HNR_sma_amean,HNR_sma_nnz,HNR_sma_duration,HNR_sma_upleveltime0.0,HNR_sma_downleveltime0.0,F0_sma_range,F0_sma_stddev,F0_sma_amean,F0_sma_nnz,F0_sma_duration,F0_sma_upleveltime0.0,F0_sma_downleveltime0.0,jitterLocal_sma_range,jitterLocal_sma_stddev,jitterLocal_sma_amean,jitterLocal_sma_nnz,jitterLocal_sma_duration,jitterLocal_sma_upleveltime0.0,jitterLocal_sma_downleveltime0.0,jitterDDP_sma_range,jitterDDP_sma_stddev,jitterDDP_sma_amean,jitterDDP_sma_nnz,jitterDDP_sma_duration,jitterDDP_sma_upleveltime0.0,jitterDDP_sma_downleveltime0.0,shimmerLocal_sma_range,shimmerLocal_sma_stddev,shimmerLocal_sma_amean,shimmerLocal_sma_nnz,shimmerLocal_sma_duration,shimmerLocal_sma_upleveltime0.0,shimmerLocal_sma_downleveltime0.0,pcm_intensity_sma_range,pcm_intensity_sma_stddev,pcm_intensity_sma_amean,pcm_intensity_sma_nnz,pcm_intensity_sma_duration,pcm_intensity_sma_upleveltime0.0,pcm_intensity_sma_downleveltime0.0
26753-019,0.0,0.7378133000000001,0.1479869,0.6824932,186,186,185,1,56.10675,10.95155,5.099917,186,186,185,1,238.2688,41.504709999999996,129.0368,180,180,179,1,0.0,0.0,0.0,0,0,0,0,0.0,0.0,0.0,0,0,0,0,0.0,0.0,0.0,0,0,0,0,8.156033e-06,1.522622e-06,1.3145599999999998e-06,186,186,185,1
81392-002,0.0,0.6007034000000001,0.1543344,0.47529849999999996,46,46,45,1,172.5921,54.53976,17.67589,46,46,45,1,105.1108,31.37208,92.05904,30,30,29,1,0.0,0.0,0.0,0,0,0,0,0.0,0.0,0.0,0,0,0,0,0.0,0.0,0.0,0,0,0,0,5.0139139999999995e-06,1.1814260000000001e-06,6.130423e-07,46,46,45,1
56896-004,0.0,0.8714646,0.15443120000000002,0.6013485,625,625,624,1,477.8472,72.96426,27.77125,625,625,624,1,449.4923,87.74677,178.3116,562,562,561,1,0.0,0.0,0.0,0,0,0,0,0.0,0.0,0.0,0,0,0,0,0.2670816,0.01952826,0.39889559999999996,232,232,231,1,3.083332e-06,4.149129e-07,1.975764e-07,625,625,624,1
47939-009,0.0,0.7742041000000001,0.2006176,0.6246611,404,404,403,1,481.7488,87.33873,33.05941,404,404,403,1,442.9725,84.43438,197.755,336,336,335,1,0.0,0.0,0.0,0,0,0,0,0.0,0.0,0.0,0,0,0,0,0.0,0.0,0.0,0,0,0,0,6.650896e-06,1.143525e-06,7.240549e-07,404,404,403,1
26753-006,0.0,0.6962294,0.18441359999999998,0.6240230999999999,186,186,185,1,38.51355,9.442567,3.237082,186,186,185,1,455.739,111.9821,148.8417,162,162,161,1,0.0,0.0,0.0,0,0,0,0,0.0,0.0,0.0,0,0,0,0,0.0,0.0,0.0,0,0,0,0,5.507856000000001e-06,9.497225999999999e-07,6.032433000000001e-07,186,186,185,1
80292-007,0.0,0.702853,0.25684989999999996,0.70916,96,96,95,1,62.462230000000005,16.75003,12.35903,96,96,95,1,413.8381,82.91788000000001,253.4694,75,75,74,1,0.0,0.0,0.0,0,0,0,0,0.0,0.0,0.0,0,0,0,0,0.0,0.0,0.0,0,0,0,0,9.199402000000001e-06,2.160847e-06,2.014513e-06,96,96,95,1
35063-003,0.0,0.8590193000000002,0.2251308,0.6546360999999999,746,746,745,1,488.6959,34.68051,11.24003,746,746,745,1,457.3295,113.7971,219.1847,631,631,630,1,0.1797628,0.07579338,0.2098319,256,256,255,1,0.1247653,0.01403122,0.1852186,97,97,96,1,0.1657662,0.07054387,0.07957827,361,361,204,157,7.88796e-06,1.049102e-06,6.372441e-07,746,746,745,1
56896-005,0.0,0.6346879,0.1679654,0.6608626999999999,175,175,174,1,36.2901,8.789066,6.236086,175,175,174,1,188.161,33.07823,136.2833,156,156,155,1,0.0,0.0,0.0,0,0,0,0,0.0,0.0,0.0,0,0,0,0,0.0,0.0,0.0,0,0,0,0,6.576583000000001e-06,8.984454000000001e-07,5.462293e-07,175,175,174,1
44574-000,0.0,0.5930025999999999,0.16133039999999998,0.6118857,205,205,204,1,323.229,58.50201,22.6565,205,205,204,1,346.2296,62.973980000000005,134.8321,176,176,175,1,0.0,0.0,0.0,0,0,0,0,0.0,0.0,0.0,0,0,0,0,0.0,0.0,0.0,0,0,0,0,1.941694e-06,3.2913890000000003e-07,1.6769300000000002e-07,205,205,204,1
81392-021,0.0,0.7554510999999999,0.23524130000000001,0.6207231,395,395,394,1,183.6815,21.48806,7.386228999999999,395,395,394,1,442.0955,110.9532,216.8388,304,304,303,1,0.0,0.0,0.0,0,0,0,0,0.0,0.0,0.0,0,0,0,0,0.20291610000000002,0.02006605,0.30195859999999997,126,126,125,1,8.828242e-06,1.7175040000000002e-06,1.104453e-06,395,395,394,1
81392-041,0.0,0.8498688,0.2327725,0.6191036,1506,1506,1505,1,490.6356,38.33146,11.60593,1506,1506,1505,1,456.7787,108.8565,225.2934,1209,1209,1208,1,0.48472380000000004,0.14796900000000002,0.1985808,970,970,969,1,0.3165954,0.1036393,0.1276604,899,899,792,107,0.9947450999999999,0.37045659999999997,0.3933969,1071,1071,931,140,1.1926760000000001e-05,1.428912e-06,8.510586e-07,1506,1506,1505,1
47939-001,0.0,0.4971692,0.1633376,0.7210641999999999,26,26,25,1,29.061840000000004,8.172805,7.610618,26,26,25,1,122.1316,38.05361,146.0123,26,26,25,1,0.0,0.0,0.0,0,0,0,0,0.0,0.0,0.0,0,0,0,0,0.0,0.0,0.0,0,0,0,0,5.275723000000001e-06,1.406293e-06,1.311585e-06,26,26,25,1
26753-023,0.0,0.8395551,0.1637067,0.6373786,496,496,495,1,486.8316,65.63034,17.83156,496,496,495,1,429.348,63.5811,131.0304,444,444,443,1,0.0,0.0,0.0,0,0,0,0,0.0,0.0,0.0,0,0,0,0,0.42638679999999995,0.0448794,0.6338180999999999,111,111,110,1,7.229728e-06,9.730157e-07,6.390403e-07,496,496,495,1
26753-018,0.0,0.6985117,0.1119077,0.7690079000000001,106,106,105,1,314.8013,45.357009999999995,19.765439999999998,106,106,105,1,271.7253,45.21163,136.4378,103,103,102,1,0.0,0.0,0.0,0,0,0,0,0.0,0.0,0.0,0,0,0,0,0.0,0.0,0.0,0,0,0,0,6.541929e-06,1.1752670000000001e-06,6.095689999999999e-07,106,106,105,1
45758-007,0.0,0.6478271,0.1639165,0.5783644,195,195,194,1,330.1127,35.67889,4.808593,195,195,194,1,200.1382,48.77497,135.9616,156,156,155,1,0.0,0.0,0.0,0,0,0,0,0.0,0.0,0.0,0,0,0,0,0.0,0.0,0.0,0,0,0,0,6.793244999999999e-06,9.888478000000001e-07,6.421401999999999e-07,195,195,194,1
81392-034,0.0,0.7350404,0.2297317,0.6473438,195,195,194,1,336.3876,51.94612,18.14285,195,195,194,1,429.443,61.19673,180.8544,161,161,160,1,0.0,0.0,0.0,0,0,0,0,0.0,0.0,0.0,0,0,0,0,0.0,0.0,0.0,0,0,0,0,9.885491e-06,1.484918e-06,7.789076e-07,195,195,194,1
81392-035,0.0,0.8327394,0.21910149999999998,0.6857774,796,796,795,1,336.2448,30.76613,13.150920000000001,796,796,795,1,445.3925,83.58086999999999,208.0715,703,703,702,1,0.0,0.0,0.0,0,0,0,0,0.0,0.0,0.0,0,0,0,0,0.03960177,0.002452943,0.05921932,324,324,323,1,8.753574e-06,1.702206e-06,1.000536e-06,796,796,795,1
26753-005,0.0,0.5472537,0.11226269999999999,0.7158901999999999,96,96,95,1,27.256079999999997,5.980624,9.241764,96,96,95,1,87.98598,16.112679999999997,113.3349,93,93,92,1,0.0,0.0,0.0,0,0,0,0,0.0,0.0,0.0,0,0,0,0,0.0,0.0,0.0,0,0,0,0,1.414996e-05,3.657138e-06,2.364595e-06,96,96,95,1
81392-023,0.0,0.7741215,0.1959585,0.5642229,356,356,355,1,333.6279,43.7801,11.31691,356,356,355,1,463.8252,136.6214,234.5933,260,260,259,1,0.0,0.0,0.0,0,0,0,0,0.0,0.0,0.0,0,0,0,0,0.0008281861999999999,0.0002383684,0.001146719,13,13,12,1,6.9331880000000005e-06,1.1300830000000002e-06,6.207436e-07,356,356,355,1
81392-039,0.0,0.7040185999999999,0.18760829999999998,0.7287986,195,195,194,1,46.52398,11.346589999999999,9.790878999999999,195,195,194,1,353.7085,49.41915,231.2068,183,183,182,1,0.0,0.0,0.0,0,0,0,0,0.0,0.0,0.0,0,0,0,0,0.0,0.0,0.0,0,0,0,0,7.380357e-06,1.166653e-06,6.935273e-07,195,195,194,1
45758-002,0.0,0.8198440999999999,0.21462150000000002,0.6805653,256,256,255,1,185.3925,19.85067,11.547360000000001,256,256,255,1,440.4547,117.6389,273.9954,228,228,227,1,0.0,0.0,0.0,0,0,0,0,0.0,0.0,0.0,0,0,0,0,0.0,0.0,0.0,0,0,0,0,5.144575e-06,1.041909e-06,7.234668999999999e-07,256,256,255,1
68117-009,0.0,0.6974393,0.220887,0.585394,86,86,85,1,475.6013,71.48756,20.99566,86,86,85,1,433.4881,104.6206,229.2997,66,66,65,1,0.0,0.0,0.0,0,0,0,0,0.0,0.0,0.0,0,0,0,0,0.0,0.0,0.0,0,0,0,0,2.0383179999999998e-07,4.6233570000000004e-08,3.747883e-08,86,86,85,1
47939-008,0.0,0.7208439999999999,0.1724674,0.4908692,205,205,204,1,334.2659,53.63717,11.75858,205,205,204,1,293.8791,74.53519,168.4152,127,127,126,1,0.0,0.0,0.0,0,0,0,0,0.0,0.0,0.0,0,0,0,0,0.0,0.0,0.0,0,0,0,0,1.138588e-06,2.1262229999999999e-07,1.2599830000000002e-07,205,205,204,1
26753-024,0.0,0.726225,0.1322049,0.6896329000000001,275,275,274,1,477.6018,54.813719999999996,17.24605,275,275,274,1,450.8319,123.4659,182.3013,263,263,262,1,0.0,0.0,0.0,0,0,0,0,0.0,0.0,0.0,0,0,0,0,0.0,0.0,0.0,0,0,0,0,2.3636509999999997e-05,3.872156e-06,1.844529e-06,275,275,274,1
47939-007,0.0,0.6506835999999999,0.1904711,0.49895870000000003,112,112,111,1,181.7186,37.15419,6.7367360000000005,112,112,111,1,397.2605,121.5965,195.7881,80,80,79,1,0.0,0.0,0.0,0,0,0,0,0.0,0.0,0.0,0,0,0,0,0.0,0.0,0.0,0,0,0,0,2.7667989999999997e-06,5.010383000000001e-07,2.5502259999999997e-07,112,112,111,1
35063-005,0.0,0.6195725000000001,0.14860009999999998,0.4975669,86,86,85,1,474.2637,114.2251,53.63366,86,86,85,1,425.6659,102.0887,198.7404,59,59,58,1,0.0,0.0,0.0,0,0,0,0,0.0,0.0,0.0,0,0,0,0,0.0,0.0,0.0,0,0,0,0,3.058145e-06,5.999596999999999e-07,3.232546e-07,86,86,85,1
81392-009,0.0,0.7281076,0.2181486,0.7299939000000001,186,186,185,1,48.84666,12.98822,9.468577999999999,186,186,185,1,196.7997,34.09639,155.3998,165,165,164,1,0.0,0.0,0.0,0,0,0,0,0.0,0.0,0.0,0,0,0,0,0.0,0.0,0.0,0,0,0,0,7.057723999999999e-06,1.582389e-06,1.419315e-06,186,186,185,1
47939-012,0.0,0.7224054,0.15588229999999997,0.42541890000000004,96,96,95,1,490.9257,134.671,60.8485,96,96,95,1,257.9422,64.7281,147.0883,50,50,49,1,0.0,0.0,0.0,0,0,0,0,0.0,0.0,0.0,0,0,0,0,0.0,0.0,0.0,0,0,0,0,3.0820890000000004e-06,5.533707e-07,2.893589e-07,96,96,95,1
81392-007,0.0,0.7638944999999999,0.1994962,0.6719734,655,655,654,1,483.1226,47.394709999999996,16.62779,655,655,654,1,454.5494,92.55663,200.251,590,590,589,1,0.09517663,0.0239337,0.08739892,142,142,141,1,0.02671761,0.004032847,0.03932026,53,53,52,1,0.02487195,0.007689804000000001,0.01521153,375,375,374,1,1.258347e-05,1.535466e-06,8.719587e-07,655,655,654,1
81392-008,0.0,0.8016215999999999,0.2155176,0.6583439,1096,1096,1095,1,346.6712,27.84693,10.832410000000001,1096,1096,1095,1,449.5664,86.76463000000001,186.1464,932,932,931,1,0.3589825,0.09380607,0.1340305,418,418,417,1,0.08638063,0.007296679,0.1281329,176,176,175,1,0.1010653,0.04359936,0.03882997,815,815,814,1,7.783068e-06,1.349296e-06,9.116278e-07,1096,1096,1095,1
26753-025,0.0,0.7168868,0.16982979999999998,0.6434905,696,696,695,1,507.7989,43.86032,12.94416,696,696,695,1,406.6336,68.13252,120.8525,624,624,623,1,0.2037525,0.02098617,0.3029941,116,116,115,1,0.0,0.0,0.0,0,0,0,0,0.3841119,0.1692341,0.14588620000000002,361,361,360,1,8.216781e-06,1.333655e-06,9.282555000000001e-07,696,696,695,1
56896-029,0.0,0.8264123999999999,0.1575905,0.6024967,385,385,384,1,340.7188,40.36136,9.746202,385,385,384,1,404.1179,91.24235,191.5415,343,343,342,1,0.0,0.0,0.0,0,0,0,0,0.0,0.0,0.0,0,0,0,0,0.0,0.0,0.0,0,0,0,0,2.4903000000000002e-05,2.6787419999999998e-06,1.021551e-06,385,385,384,1
81392-028,0.0,0.7963194,0.2067906,0.6707416,1156,1156,1155,1,491.8294,50.812870000000004,15.663120000000001,1156,1156,1155,1,451.51,99.75010999999999,199.9286,1004,1004,1003,1,0.2853813,0.12551980000000001,0.1828715,538,538,537,1,0.1806674,0.06450982,0.23781529999999998,307,307,306,1,0.8073731,0.3476305,0.248151,744,744,515,229,1.2063039999999999e-05,1.506167e-06,9.693098e-07,1156,1156,1155,1
81392-040,0.0,0.8188158,0.20594810000000002,0.6928331,365,365,364,1,192.354,23.30746,9.557528,365,365,364,1,365.0829,62.84251,199.6404,321,321,320,1,0.0,0.0,0.0,0,0,0,0,0.0,0.0,0.0,0,0,0,0,0.0,0.0,0.0,0,0,0,0,1.0283589999999999e-05,1.502505e-06,1.120775e-06,365,365,364,1
81392-027,0.0,0.7137276,0.2055562,0.6841071999999999,315,315,314,1,489.3284,40.04979,13.547820000000002,315,315,314,1,420.973,73.4736,199.2212,275,275,274,1,0.0,0.0,0.0,0,0,0,0,0.0,0.0,0.0,0,0,0,0,0.04019133,0.00694319,0.05877982,40,40,39,1,1.428646e-05,1.683764e-06,8.680805e-07,315,315,314,1
76373-003,0.0,0.7734218,0.227473,0.5068682,205,205,204,1,480.6847,91.54108000000001,30.009190000000004,205,205,204,1,229.4152,54.586830000000006,167.862,125,125,124,1,0.0,0.0,0.0,0,0,0,0,0.0,0.0,0.0,0,0,0,0,0.0,0.0,0.0,0,0,0,0,3.1557640000000004e-07,5.1690769999999996e-08,2.669655e-08,205,205,204,1
81392-018,0.0,0.796191,0.2010235,0.6288618,1096,1096,1095,1,482.628,58.08841999999999,20.92977,1096,1096,1095,1,450.062,115.8927,220.5805,903,903,902,1,0.40704759999999995,0.139905,0.2122041,584,584,520,64,0.1863025,0.06842828,0.11581210000000002,459,459,357,102,0.153451,0.066181,0.06118293,729,729,728,1,1.1006220000000001e-05,1.5830279999999998e-06,8.388487e-07,1096,1096,1095,1
95407-000,0.0,0.8469403,0.1868671,0.5852689999999999,496,496,495,1,480.9781,60.40186,17.95188,496,496,495,1,451.2212,101.5617,184.1321,391,391,390,1,0.1196865,0.01435962,0.1774177,85,85,84,1,0.0,0.0,0.0,0,0,0,0,0.2797522,0.07781087,0.26730329999999997,165,165,164,1,2.422544e-06,3.769932e-07,1.846809e-07,496,496,495,1
56896-000,0.0,0.8704149999999999,0.2272506,0.5028654,395,395,394,1,476.3843,176.5996,129.9449,395,395,394,1,373.4797,76.96358000000001,163.4742,245,245,244,1,0.0,0.0,0.0,0,0,0,0,0.0,0.0,0.0,0,0,0,0,0.0,0.0,0.0,0,0,0,0,1.254016e-06,1.391751e-07,6.495143e-08,395,395,394,1
47939-014,0.0,0.7856204999999999,0.2100611,0.6462479999999999,575,575,574,1,485.9236,46.29599,13.60755,575,575,574,1,429.9975,70.95510999999999,176.4817,475,475,474,1,0.20850320000000003,0.04757767,0.2573987,153,153,152,1,0.01684164,0.001986599,0.02497538,88,88,87,1,0.31423190000000006,0.1318914,0.14589059999999998,288,288,287,1,8.715763e-06,1.086509e-06,5.789190999999999e-07,575,575,574,1
47939-016,0.0,0.7376606,0.12344949999999999,0.357023,205,205,204,1,486.2587,160.1989,95.57453000000001,205,205,204,1,425.2285,97.93249,199.4657,53,53,52,1,0.0,0.0,0.0,0,0,0,0,0.0,0.0,0.0,0,0,0,0,0.0,0.0,0.0,0,0,0,0,1.5518879999999998e-06,2.341855e-07,1.1046939999999999e-07,205,205,204,1
81392-029,0.0,0.760918,0.20684149999999998,0.6590914000000001,486,486,485,1,341.5601,30.21707,11.44005,486,486,485,1,447.522,104.3978,198.6223,419,419,418,1,0.0,0.0,0.0,0,0,0,0,0.0,0.0,0.0,0,0,0,0,0.0145247,0.005929685,0.0145247,3,3,2,1,9.802787e-06,1.600029e-06,1.0438089999999999e-06,486,486,485,1
58812-003,0.0,0.7950839,0.2170877,0.5269731,125,125,124,1,333.6114,50.76735,11.62487,125,125,124,1,448.4261,111.4075,219.1141,90,90,89,1,0.0,0.0,0.0,0,0,0,0,0.0,0.0,0.0,0,0,0,0,0.0,0.0,0.0,0,0,0,0,6.046077e-06,1.246625e-06,5.659001999999999e-07,125,125,124,1
80292-005,0.0,0.779845,0.2349699,0.7182316,156,156,155,1,186.3532,24.62022,15.2091,156,156,155,1,401.5127,98.78645,298.4041,142,142,141,1,0.0,0.0,0.0,0,0,0,0,0.0,0.0,0.0,0,0,0,0,0.0,0.0,0.0,0,0,0,0,8.172416e-06,2.043966e-06,1.470175e-06,156,156,155,1
45758-005,0.0,0.7715743,0.1713615,0.4462188,76,76,75,1,487.0159,99.15626,25.63482,76,76,75,1,324.078,92.83686,196.9906,44,44,43,1,0.0,0.0,0.0,0,0,0,0,0.0,0.0,0.0,0,0,0,0,0.0,0.0,0.0,0,0,0,0,3.628992e-06,8.625193e-07,6.425865e-07,76,76,75,1
81392-036,0.0,0.797151,0.2258151,0.6799338,536,536,535,1,190.2086,22.50585,10.18645,536,536,535,1,460.588,78.64558000000001,195.6166,446,446,445,1,0.0,0.0,0.0,0,0,0,0,0.0,0.0,0.0,0,0,0,0,0.01005722,0.000964815,0.01497325,134,134,133,1,8.577453e-06,1.448664e-06,1.0184699999999999e-06,536,536,535,1
47647-004,0.0,0.6833581,0.15611889999999998,0.48109890000000005,145,145,144,1,477.9037,68.30078,17.39303,145,145,144,1,302.833,75.79552,178.4402,86,86,85,1,0.0,0.0,0.0,0,0,0,0,0.0,0.0,0.0,0,0,0,0,0.0,0.0,0.0,0,0,0,0,3.355423e-06,4.948852e-07,1.765624e-07,145,145,144,1
26753-007,0.0,0.6919026999999999,0.1464558,0.6683276,96,96,95,1,50.69283,9.758335,5.408487,96,96,95,1,140.0638,27.2558,113.0248,91,91,90,1,0.0,0.0,0.0,0,0,0,0,0.0,0.0,0.0,0,0,0,0,0.0,0.0,0.0,0,0,0,0,1.646175e-05,3.143144e-06,2.605267e-06,96,96,95,1
26753-021,0.0,0.908379,0.17444110000000002,0.5921048000000001,1693,1693,1692,1,484.3372,96.41635,38.9174,1693,1693,1692,1,466.1233,102.6728,154.8396,1394,1394,1393,1,0.2547489,0.1002469,0.1658149,892,892,837,55,0.1427368,0.05787652,0.06788407,791,791,395,396,0.9238384,0.3130051,0.6401764,950,950,949,1,2.231453e-05,1.814323e-06,6.071827e-07,1693,1693,1692,1
26753-004,0.0,0.5807465,0.1278214,0.6981549,145,145,144,1,49.47917,8.597729,6.904642999999999,145,145,144,1,147.9964,28.419420000000002,119.2828,142,142,141,1,0.0,0.0,0.0,0,0,0,0,0.0,0.0,0.0,0,0,0,0,0.0,0.0,0.0,0,0,0,0,3.438077e-05,5.82105e-06,5.129138e-06,145,145,144,1
56896-020,0.0,0.6932401999999999,0.1168413,0.6638649,125,125,124,1,34.39411,5.642748,7.488516000000001,125,125,124,1,282.5515,33.86923,119.691,123,123,122,1,0.0,0.0,0.0,0,0,0,0,0.0,0.0,0.0,0,0,0,0,0.0,0.0,0.0,0,0,0,0,2.220507e-06,4.5021770000000004e-07,2.9060870000000003e-07,125,125,124,1
56896-002,0.0,0.7787195,0.1520745,0.6351585,555,555,554,1,480.3289,92.52831,36.581309999999995,555,555,554,1,443.4146,78.4282,154.2449,503,503,502,1,0.3116364,0.1090983,0.374116,88,88,87,1,0.2242526,0.04072894,0.32703509999999997,36,36,35,1,0.9325776,0.37421420000000005,0.3677728,228,228,227,1,2.861706e-06,3.668422e-07,1.900937e-07,555,555,554,1
80292-002,0.0,0.7346606,0.23462429999999998,0.6506013,136,136,135,1,491.9543,120.9888,57.44221999999999,136,136,135,1,413.5858,99.75347,278.9899,107,107,106,1,0.0,0.0,0.0,0,0,0,0,0.0,0.0,0.0,0,0,0,0,0.0,0.0,0.0,0,0,0,0,8.094533e-06,1.6912639999999999e-06,1.3132339999999999e-06,136,136,135,1
44574-005,0.0,0.6338092,0.12678989999999998,0.5379109000000001,116,116,115,1,327.1385,62.87125,20.390520000000002,116,116,115,1,189.3498,40.123909999999995,118.2591,98,98,97,1,0.0,0.0,0.0,0,0,0,0,0.0,0.0,0.0,0,0,0,0,0.0,0.0,0.0,0,0,0,0,1.3235550000000002e-06,3.017183e-07,1.8425899999999998e-07,116,116,115,1
26753-013,0.0,0.772927,0.2278209,0.6701256999999999,135,135,134,1,49.4639,12.186110000000001,6.250554,135,135,134,1,404.9472,118.4347,176.4103,109,109,108,1,0.0,0.0,0.0,0,0,0,0,0.0,0.0,0.0,0,0,0,0,0.0,0.0,0.0,0,0,0,0,3.455054e-06,8.692915000000001e-07,8.074141999999999e-07,135,135,134,1
81392-005,0.0,0.768786,0.21801679999999996,0.6431951,356,356,355,1,329.8878,35.3279,13.86876,356,356,355,1,460.3108,108.6454,221.4746,297,297,296,1,0.0,0.0,0.0,0,0,0,0,0.0,0.0,0.0,0,0,0,0,0.002701194,0.0003514365,0.0039955170000000005,72,72,71,1,6.783061e-06,1.40732e-06,9.176472e-07,356,356,355,1
56896-018,0.0,0.5693126000000001,0.1495213,0.6328683,145,145,144,1,169.9127,22.4569,8.117461,145,145,144,1,411.8996,98.18574,222.4878,134,134,132,2,0.0,0.0,0.0,0,0,0,0,0.0,0.0,0.0,0,0,0,0,0.0,0.0,0.0,0,0,0,0,1.470695e-06,2.6675590000000004e-07,1.448876e-07,145,145,144,1
81392-006,0.0,0.752107,0.2115127,0.5626746,375,375,374,1,186.9996,28.86852,6.8817520000000005,375,375,374,1,450.307,103.3688,213.2003,288,288,287,1,0.0,0.0,0.0,0,0,0,0,0.0,0.0,0.0,0,0,0,0,0.009146757,0.001241497,0.01351226,66,66,65,1,1.278235e-05,1.5102760000000001e-06,8.882975999999999e-07,375,375,374,1
95407-004,0.0,0.8790199000000001,0.168156,0.5718831,2595,2595,2594,1,481.764,111.5088,44.55312,2595,2595,2594,1,466.7281,110.2756,189.0102,2112,2112,2111,1,0.5181394,0.1307335,0.28001329999999997,2095,2095,1986,109,0.2590232,0.08422104,0.10212689999999999,1824,1824,1725,99,0.9818231,0.3312637,0.434895,2258,2258,2127,131,6.608919e-06,3.0152590000000003e-07,1.143383e-07,2595,2595,2594,1
58812-002,0.0,0.6551581999999999,0.1746753,0.6766718,98,98,97,1,54.7623,11.54755,5.242121,98,98,97,1,358.6706,92.01044,262.6291,87,87,86,1,0.0,0.0,0.0,0,0,0,0,0.0,0.0,0.0,0,0,0,0,0.0,0.0,0.0,0,0,0,0,3.481961e-06,8.03968e-07,6.609640999999999e-07,98,98,97,1
76373-002,0.0,0.7677222,0.24750709999999998,0.5609002,86,86,85,1,46.23676,13.451179999999999,2.043339,86,86,85,1,273.555,65.55148,169.2149,56,56,55,1,0.0,0.0,0.0,0,0,0,0,0.0,0.0,0.0,0,0,0,0,0.0,0.0,0.0,0,0,0,0,1.006889e-06,2.471031e-07,1.6366759999999999e-07,86,86,85,1
56896-024,0.0,0.7467791,0.15383829999999998,0.6199897,205,205,204,1,471.4756,98.4294,34.82417,205,205,204,1,442.2295,114.4068,238.0012,191,191,190,1,0.0,0.0,0.0,0,0,0,0,0.0,0.0,0.0,0,0,0,0,0.0,0.0,0.0,0,0,0,0,2.669758e-07,5.529698000000001e-08,4.838641e-08,205,205,204,1
80292-008,0.0,0.6669786,0.2294955,0.6820046999999999,116,116,115,1,476.8431,146.9283,89.87021,116,116,115,1,419.4829,84.50803,265.5398,90,90,89,1,0.0,0.0,0.0,0,0,0,0,0.0,0.0,0.0,0,0,0,0,0.0,0.0,0.0,0,0,0,0,9.085564e-06,2.0199260000000002e-06,1.5349449999999999e-06,116,116,115,1
56896-030,0.0,0.6107587,0.1715942,0.6752691,66,66,65,1,197.5584,35.67361,11.88771,66,66,65,1,411.3899,103.0338,307.0129,64,64,63,1,0.0,0.0,0.0,0,0,0,0,0.0,0.0,0.0,0,0,0,0,0.0,0.0,0.0,0,0,0,0,3.265752e-06,6.374499e-07,6.273987e-07,66,66,65,1
35063-004,0.0,0.8011986999999999,0.1975677,0.6343734999999999,296,296,295,1,330.5486,41.03901,15.20132,296,296,295,1,439.1331,128.7905,269.0079,250,250,249,1,0.0,0.0,0.0,0,0,0,0,0.0,0.0,0.0,0,0,0,0,0.0,0.0,0.0,0,0,0,0,7.153099e-06,1.023243e-06,4.978144000000001e-07,296,296,295,1
56896-001,0.0,0.9157696,0.1731603,0.6202489000000001,175,175,174,1,476.5693,84.57075999999999,32.389540000000004,175,175,174,1,404.91,89.18842,164.8907,163,163,162,1,0.0,0.0,0.0,0,0,0,0,0.0,0.0,0.0,0,0,0,0,0.0,0.0,0.0,0,0,0,0,4.2095739999999997e-07,6.791448e-08,5.2506660000000006e-08,175,175,174,1
45758-001,0.0,0.8161829,0.2142035,0.7287735,486,486,485,1,329.4339,22.24243,13.59864,486,486,485,1,303.509,60.952619999999996,205.6413,431,431,430,1,0.0,0.0,0.0,0,0,0,0,0.0,0.0,0.0,0,0,0,0,0.06307754,0.007440476,0.09354113,88,88,87,1,6.0269240000000005e-06,1.050758e-06,8.085218000000001e-07,486,486,485,1
56896-008,0.0,0.6284712,0.15069720000000003,0.6319326,145,145,144,1,180.5305,32.277159999999995,10.67646,145,145,144,1,195.7537,30.059109999999997,131.495,123,123,122,1,0.0,0.0,0.0,0,0,0,0,0.0,0.0,0.0,0,0,0,0,0.0,0.0,0.0,0,0,0,0,3.2621069999999996e-06,6.27263e-07,5.07254e-07,145,145,144,1
35063-000,0.0,0.3906679,0.09550573,0.4325759,26,26,25,1,23.27212,5.526651,-5.30192,26,26,25,1,332.5327,120.8285,287.1206,7,7,6,1,0.0,0.0,0.0,0,0,0,0,0.0,0.0,0.0,0,0,0,0,0.0,0.0,0.0,0,0,0,0,4.8511230000000004e-06,1.270654e-06,7.669269e-07,26,26,25,1
47939-010,0.0,0.7996436,0.18163210000000002,0.6527491999999999,396,396,395,1,64.9108,11.43727,4.9420910000000005,396,396,395,1,432.7083,79.3843,237.7752,364,364,363,1,0.0,0.0,0.0,0,0,0,0,0.0,0.0,0.0,0,0,0,0,0.0,0.0,0.0,0,0,0,0,7.690076e-06,1.492021e-06,1.046362e-06,396,396,395,1
47647-003,0.0,0.40764079999999997,0.11432360000000001,0.4431844,36,36,35,1,38.42994,8.854221,-7.43562,36,36,35,1,234.6575,85.08946999999999,243.3068,18,18,17,1,0.0,0.0,0.0,0,0,0,0,0.0,0.0,0.0,0,0,0,0,0.0,0.0,0.0,0,0,0,0,4.859135e-07,1.4548110000000002e-07,1.897418e-07,36,36,35,1
26753-015,0.0,0.8491434000000001,0.1791662,0.5846029,496,496,495,1,489.7367,82.11806,27.46935,496,496,495,1,449.5089,115.2553,178.6513,412,412,411,1,0.0,0.0,0.0,0,0,0,0,0.0,0.0,0.0,0,0,0,0,0.07337521,0.006295215,0.1094077,168,168,167,1,2.650286e-06,2.944742e-07,1.890577e-07,496,496,495,1
26753-003,0.0,0.7896226,0.2204823,0.5285574000000001,91,91,90,1,170.3231,29.038059999999998,3.964328,91,91,90,1,449.6498,111.0398,234.2323,63,63,62,1,0.0,0.0,0.0,0,0,0,0,0.0,0.0,0.0,0,0,0,0,0.0,0.0,0.0,0,0,0,0,1.762766e-06,4.357329e-07,3.024489e-07,91,91,90,1
35063-007,0.0,0.7813041999999999,0.2036821,0.5817036,896,896,895,1,501.215,78.50702,24.02691,896,896,895,1,457.7877,106.3213,182.4565,707,707,706,1,0.1290711,0.01514092,0.19143120000000002,89,89,88,1,0.0,0.0,0.0,0,0,0,0,0.00949684,0.0038104379999999998,0.007663305,434,434,347,87,6.728167999999999e-06,8.652772e-07,4.945735999999999e-07,896,896,895,1
26753-010,0.0,0.9054648999999999,0.1946753,0.6095331,996,996,995,1,484.1192,100.2919,41.62679,996,996,995,1,457.7241,121.4675,179.077,833,833,832,1,0.2686524,0.04385275,0.2845868,361,361,360,1,0.05641561,0.01541583,0.0582037,225,225,224,1,0.2319469,0.05683113,0.19025150000000002,661,661,660,1,8.418203e-06,8.522198e-07,4.489329e-07,996,996,995,1
81392-024,0.0,0.7422069,0.2239027,0.6409946,186,186,185,1,323.625,39.73639,15.418389999999999,186,186,185,1,154.8255,38.40555,136.6086,147,147,146,1,0.0,0.0,0.0,0,0,0,0,0.0,0.0,0.0,0,0,0,0,0.0,0.0,0.0,0,0,0,0,5.07717e-06,1.267195e-06,9.093913e-07,186,186,185,1
81392-020,0.0,0.7744196999999999,0.1983871,0.655047,836,836,835,1,494.6028,40.165040000000005,12.86549,836,836,835,1,460.3715,112.5157,202.7135,717,717,716,1,0.6749286999999999,0.2174275,0.13889649999999998,281,281,280,1,0.4023387,0.07034831,0.5880335,39,39,38,1,0.05682256,0.02490672,0.0379172,432,432,431,1,1.0779020000000001e-05,1.7428e-06,1.100497e-06,836,836,835,1
26753-017,0.0,0.7309966999999999,0.1668635,0.6577759,696,696,695,1,337.6112,31.294179999999997,10.00612,696,696,695,1,378.4236,47.080690000000004,122.4009,627,627,626,1,0.1809987,0.01782908,0.2693603,127,127,126,1,0.0,0.0,0.0,0,0,0,0,0.551668,0.25837899999999997,0.49054,384,384,259,125,2.4500549999999997e-05,1.809161e-06,1.109312e-06,696,696,695,1
95407-002,0.0,0.5290875,0.14237170000000002,0.6279253,46,46,45,1,171.8472,37.594440000000006,14.308689999999999,46,46,45,1,328.8286,78.2431,188.6058,45,45,44,1,0.0,0.0,0.0,0,0,0,0,0.0,0.0,0.0,0,0,0,0,0.0,0.0,0.0,0,0,0,0,1.355824e-07,3.7914839999999994e-08,3.4682480000000007e-08,46,46,45,1
56896-022,0.0,0.8973603000000001,0.2472067,0.5497432,275,275,274,1,472.6267,138.8859,72.3715,275,275,274,1,417.2357,108.1941,261.2301,205,205,204,1,0.0,0.0,0.0,0,0,0,0,0.0,0.0,0.0,0,0,0,0,0.0,0.0,0.0,0,0,0,0,2.3958609999999998e-06,3.660468e-07,1.981731e-07,275,275,274,1
56896-003,0.0,0.6801376,0.1557304,0.5953009,116,116,115,1,334.8955,54.85856999999999,16.7131,116,116,115,1,357.0685,87.55527,192.3692,94,94,93,1,0.0,0.0,0.0,0,0,0,0,0.0,0.0,0.0,0,0,0,0,0.0,0.0,0.0,0,0,0,0,2.025026e-06,3.38871e-07,1.457194e-07,116,116,115,1
81392-012,0.0,0.7809345,0.1951642,0.5829045,486,486,485,1,341.1503,51.72533,17.10419,486,486,485,1,455.9022,120.7457,211.5314,368,368,367,1,0.0,0.0,0.0,0,0,0,0,0.0,0.0,0.0,0,0,0,0,0.0411057,0.0035582229999999997,0.06128486,165,165,164,1,6.263707000000001e-06,1.11425e-06,6.291330999999999e-07,486,486,485,1
44574-006,0.0,0.48815159999999996,0.1126992,0.5542235,136,136,135,1,175.4929,33.27102,8.822673,136,136,135,1,444.7038,103.8274,156.0042,114,114,113,1,0.0,0.0,0.0,0,0,0,0,0.0,0.0,0.0,0,0,0,0,0.0,0.0,0.0,0,0,0,0,1.109096e-06,2.25198e-07,1.383499e-07,136,136,135,1
81392-003,0.0,0.6928423,0.2087436,0.6057811,66,66,65,1,37.67872,11.4273,4.255816,66,66,65,1,440.3618,115.5601,187.2343,50,50,49,1,0.0,0.0,0.0,0,0,0,0,0.0,0.0,0.0,0,0,0,0,0.0,0.0,0.0,0,0,0,0,5.223782e-06,1.232512e-06,1.229175e-06,66,66,65,1
81392-010,0.0,0.7471837,0.178197,0.6524668,315,315,314,1,189.247,23.36835,8.640967999999999,315,315,314,1,372.1639,63.91395,164.8792,284,284,283,1,0.0,0.0,0.0,0,0,0,0,0.0,0.0,0.0,0,0,0,0,0.00045989949999999995,7.944923000000001e-05,0.0006726031,40,40,39,1,7.894668e-06,1.115742e-06,8.162891999999999e-07,315,315,314,1
56896-009,0.0,0.8809664,0.1442535,0.6146602,175,175,174,1,183.6647,29.885,10.49417,175,175,174,1,428.0167,79.99941,178.703,163,163,162,1,0.0,0.0,0.0,0,0,0,0,0.0,0.0,0.0,0,0,0,0,0.0,0.0,0.0,0,0,0,0,1.09212e-06,2.377676e-07,1.930312e-07,175,175,174,1
47939-002,0.0,0.7726531999999999,0.2165754,0.5572925999999999,268,268,267,1,484.6277,115.9396,61.48121999999999,268,268,267,1,397.1524,87.89950999999999,174.3222,184,184,183,1,0.0,0.0,0.0,0,0,0,0,0.0,0.0,0.0,0,0,0,0,0.0,0.0,0.0,0,0,0,0,5.765679e-06,7.010032e-07,3.438575e-07,268,268,267,1
44574-002,0.0,0.5769767,0.1631474,0.4542125,81,81,80,1,169.9272,29.679809999999996,2.1303349999999996,81,81,80,1,181.7679,40.74831,108.6262,38,38,37,1,0.0,0.0,0.0,0,0,0,0,0.0,0.0,0.0,0,0,0,0,0.0,0.0,0.0,0,0,0,0,9.346483000000001e-07,2.551943e-07,2.089891e-07,81,81,80,1
56896-007,0.0,0.40548379999999995,0.08130074,0.44155649999999996,26,26,25,1,21.043129999999998,4.337117,-4.04298,26,26,25,1,342.3867,96.86206,220.4419,14,14,13,1,0.0,0.0,0.0,0,0,0,0,0.0,0.0,0.0,0,0,0,0,0.0,0.0,0.0,0,0,0,0,1.521524e-07,4.062901999999999e-08,3.8388779999999997e-08,26,26,25,1
47939-015,0.0,0.877346,0.21668160000000003,0.5362408000000001,426,426,425,1,486.609,71.36742,21.57355,426,426,425,1,417.0834,69.61791,164.1452,279,279,278,1,0.0,0.0,0.0,0,0,0,0,0.0,0.0,0.0,0,0,0,0,0.0,0.0,0.0,0,0,0,0,4.512036e-06,6.543594e-07,3.639306e-07,426,426,425,1
56896-021,0.0,0.4843839,0.1276249,0.5721089,76,76,75,1,322.2036,59.943259999999995,19.89919,76,76,75,1,219.8524,63.62669,162.4587,66,66,65,1,0.0,0.0,0.0,0,0,0,0,0.0,0.0,0.0,0,0,0,0,0.0,0.0,0.0,0,0,0,0,1.17637e-06,3.179246e-07,2.436546e-07,76,76,75,1
68117-005,0.0,0.8488929000000001,0.2178078,0.6315892,555,555,554,1,341.8346,38.20293,11.45233,555,555,554,1,439.743,87.10984,198.3546,455,455,454,1,0.1845645,0.05689897,0.2516789,11,11,10,1,0.0,0.0,0.0,0,0,0,0,0.296937,0.04763161,0.17785810000000002,144,144,143,1,8.134316e-06,7.356662e-07,3.47478e-07,555,555,554,1
81392-033,0.0,0.8094091,0.195457,0.6766705,455,455,454,1,195.1192,16.11829,9.048103,455,455,454,1,455.5155,108.1065,210.7986,406,406,405,1,0.0,0.0,0.0,0,0,0,0,0.0,0.0,0.0,0,0,0,0,0.005236115,0.0009637517999999999,0.007629768,35,35,34,1,1.0170830000000001e-05,1.7336109999999999e-06,1.057585e-06,455,455,454,1
26753-014,0.0,0.7457571999999999,0.1468131,0.6552074999999999,676,676,675,1,481.5684,77.38135,28.27515,676,676,675,1,446.8981,67.44972,122.2589,611,611,610,1,0.0,0.0,0.0,0,0,0,0,0.0,0.0,0.0,0,0,0,0,0.2421466,0.07752475,0.326898,10,10,9,1,7.788679e-06,9.854417e-07,5.578453000000001e-07,676,676,675,1
26753-002,0.0,0.7334303000000001,0.1732241,0.6770771,636,636,635,1,496.1613,38.020109999999995,12.30662,636,636,635,1,253.3048,30.67165,117.2993,566,566,565,1,0.06849785,0.008465358000000001,0.1014624,80,80,79,1,0.0,0.0,0.0,0,0,0,0,0.7502522,0.2264737,0.6281334,191,191,190,1,3.879378e-05,4.365249e-06,1.80488e-06,636,636,634,2
80292-003,0.0,0.7939686,0.2162884,0.7993515,246,246,245,1,483.3418,57.73056999999999,26.633770000000002,246,246,245,1,413.5772,58.439859999999996,272.8695,224,224,223,1,0.0,0.0,0.0,0,0,0,0,0.0,0.0,0.0,0,0,0,0,0.0,0.0,0.0,0,0,0,0,9.425157e-06,2.086796e-06,1.914145e-06,246,246,245,1
18771-002,0.0,0.7686963000000001,0.1926402,0.5653373,186,186,185,1,323.8598,50.22282,15.223320000000001,186,186,185,1,444.9793,90.60432,163.5552,140,140,139,1,0.0,0.0,0.0,0,0,0,0,0.0,0.0,0.0,0,0,0,0,0.0,0.0,0.0,0,0,0,0,1.888281e-06,3.3081740000000004e-07,1.611124e-07,186,186,185,1
80292-000,0.0,0.605437,0.2017736,0.7148707,285,285,284,1,474.2131,132.5035,73.95833,285,285,284,1,429.5626,83.0815,271.3885,234,234,233,1,0.0,0.0,0.0,0,0,0,0,0.0,0.0,0.0,0,0,0,0,0.0,0.0,0.0,0,0,0,0,1.090967e-05,1.7708009999999999e-06,1.1614409999999999e-06,285,285,284,1
80292-001,0.0,0.5322022,0.1723235,0.6112993,56,56,55,1,464.591,202.5438,171.3055,56,56,55,1,385.3064,78.38866,242.4052,33,33,32,1,0.0,0.0,0.0,0,0,0,0,0.0,0.0,0.0,0,0,0,0,0.0,0.0,0.0,0,0,0,0,9.567334e-06,2.179793e-06,1.267912e-06,56,56,55,1
26753-001,0.0,0.6035299,0.1777885,0.586212,83,83,82,1,178.1832,30.24431,3.727295,83,83,82,1,308.1044,76.14358,172.6855,67,67,66,1,0.0,0.0,0.0,0,0,0,0,0.0,0.0,0.0,0,0,0,0,0.0,0.0,0.0,0,0,0,0,2.0044660000000002e-05,5.020695e-06,4.944651e-06,83,83,82,1
68117-001,0.0,0.8298026,0.2323166,0.6315356,235,235,234,1,329.0562,40.61788,14.577620000000001,235,235,234,1,374.856,65.50743,197.4009,201,201,200,1,0.0,0.0,0.0,0,0,0,0,0.0,0.0,0.0,0,0,0,0,0.0,0.0,0.0,0,0,0,0,3.494422e-06,3.9879600000000005e-07,1.641855e-07,235,235,234,1
68117-008,0.0,0.7383001,0.18415810000000002,0.6180553000000001,395,395,394,1,184.5075,16.55224,5.356015,395,395,394,1,352.3896,68.88925,191.4097,347,347,346,1,0.0,0.0,0.0,0,0,0,0,0.0,0.0,0.0,0,0,0,0,0.130425,0.01321123,0.19400720000000002,120,120,119,1,4.576816e-06,4.704593e-07,2.518087e-07,395,395,394,1
56896-015,0.0,0.41150529999999996,0.12270589999999999,0.779512,76,76,75,1,31.5626,8.460753,12.74506,76,76,75,1,166.9193,24.52636,218.7643,76,76,75,1,0.0,0.0,0.0,0,0,0,0,0.0,0.0,0.0,0,0,0,0,0.0,0.0,0.0,0,0,0,0,2.621474e-06,6.532749e-07,5.654168000000001e-07,76,76,75,1
47939-018,0.0,0.5393451,0.1410753,0.595889,116,116,115,1,46.91918,8.873092,2.063304,116,116,115,1,159.5891,42.959309999999995,143.987,105,105,104,1,0.0,0.0,0.0,0,0,0,0,0.0,0.0,0.0,0,0,0,0,0.0,0.0,0.0,0,0,0,0,4.975292e-06,1.268749e-06,1.151073e-06,116,116,115,1
26753-020,0.0,0.5064701,0.1211962,0.4231834,52,52,51,1,485.7334,144.9657,85.6757,52,52,51,1,163.3912,33.62331,84.16946999999999,26,26,25,1,0.0,0.0,0.0,0,0,0,0,0.0,0.0,0.0,0,0,0,0,0.0,0.0,0.0,0,0,0,0,1.3066739999999998e-06,3.140906e-07,1.844334e-07,52,52,51,1
56896-011,0.0,0.8449655,0.168553,0.63325,266,266,265,1,481.0108,85.5869,33.49743,266,266,265,1,330.2738,66.51614000000001,179.1712,234,234,233,1,0.0,0.0,0.0,0,0,0,0,0.0,0.0,0.0,0,0,0,0,0.0,0.0,0.0,0,0,0,0,1.6479749999999998e-05,2.041686e-06,9.245284000000001e-07,266,266,265,1
68117-004,0.0,0.5146693,0.1386489,0.6837619,56,56,55,1,162.5941,34.410379999999996,15.681729999999998,56,56,55,1,309.0261,66.99023000000001,233.9917,56,56,55,1,0.0,0.0,0.0,0,0,0,0,0.0,0.0,0.0,0,0,0,0,0.0,0.0,0.0,0,0,0,0,3.448259e-07,7.516957e-08,3.140513e-08,56,56,55,1
35063-008,0.0,0.7994713000000001,0.1818455,0.5945121,796,796,795,1,485.0121,65.15646,19.54226,796,796,795,1,463.0819,127.1392,210.2055,652,652,651,1,0.2265348,0.02165251,0.33728509999999995,135,135,134,1,0.0,0.0,0.0,0,0,0,0,0.06561852,0.02200566,0.07544978,261,261,260,1,8.902513e-06,1.168266e-06,5.517526e-07,796,796,795,1
47647-001,0.0,0.9062821,0.2141636,0.5833656999999999,256,256,255,1,487.2578,81.15625,26.423659999999998,256,256,255,1,349.8779,58.331790000000005,196.0578,194,194,193,1,0.0,0.0,0.0,0,0,0,0,0.0,0.0,0.0,0,0,0,0,0.0,0.0,0.0,0,0,0,0,1.096706e-06,1.977561e-07,1.3051650000000002e-07,256,256,255,1
68117-007,0.0,0.7706029999999999,0.21285679999999998,0.611896,246,246,245,1,182.7439,25.26651,8.081892999999999,246,246,245,1,246.6104,55.793,178.4848,193,193,192,1,0.0,0.0,0.0,0,0,0,0,0.0,0.0,0.0,0,0,0,0,0.0,0.0,0.0,0,0,0,0,4.670652e-06,5.143851000000001e-07,2.537774e-07,246,246,245,1
56896-032,0.0,0.7699894,0.19184890000000002,0.5250170999999999,106,106,105,1,481.6776,151.4372,80.08667,106,106,105,1,431.8767,107.1915,192.795,78,78,77,1,0.0,0.0,0.0,0,0,0,0,0.0,0.0,0.0,0,0,0,0,0.0,0.0,0.0,0,0,0,0,3.3158980000000002e-06,5.505838000000001e-07,2.411469e-07,106,106,105,1
47939-013,0.0,0.4690821,0.1672384,0.5482053000000001,26,26,25,1,27.387629999999998,9.235567999999999,-0.8498573,26,26,25,1,247.5704,69.06205,275.4569,16,16,15,1,0.0,0.0,0.0,0,0,0,0,0.0,0.0,0.0,0,0,0,0,0.0,0.0,0.0,0,0,0,0,6.0184939999999995e-06,1.568526e-06,1.159995e-06,26,26,25,1
80292-006,0.0,0.6909996,0.16429960000000002,0.8013746,96,96,95,1,48.303540000000005,11.9684,15.947320000000001,96,96,95,1,365.9515,106.3149,318.1685,92,92,91,1,0.0,0.0,0.0,0,0,0,0,0.0,0.0,0.0,0,0,0,0,0.0,0.0,0.0,0,0,0,0,1.43302e-05,3.283507e-06,2.458248e-06,96,96,95,1
76373-004,0.0,0.8494655999999999,0.16856229999999997,0.4632361,575,575,574,1,481.7854,146.1989,75.95997,575,575,574,1,446.5905,94.8697,195.9429,341,341,340,1,0.5149322000000001,0.05349296,0.7656228,114,114,113,1,0.0,0.0,0.0,0,0,0,0,0.32375859999999995,0.09853511,0.28912899999999997,227,227,226,1,2.2609e-07,2.596561e-08,1.4225700000000001e-08,575,575,574,1
56896-031,0.0,0.7057278,0.14337550000000002,0.6423973000000001,446,446,445,1,472.3853,81.21114,30.430640000000004,446,446,445,1,457.4459,87.45586999999999,161.9166,406,406,405,1,0.0,0.0,0.0,0,0,0,0,0.0,0.0,0.0,0,0,0,0,0.0,0.0,0.0,0,0,0,0,1.42143e-06,2.2362179999999998e-07,1.4751089999999998e-07,446,446,445,1
47939-011,0.0,0.6891685000000001,0.1977152,0.5836709,145,145,144,1,479.8749,80.1217,25.94606,145,145,144,1,218.4339,40.75755,126.058,98,98,97,1,0.0,0.0,0.0,0,0,0,0,0.0,0.0,0.0,0,0,0,0,0.0,0.0,0.0,0,0,0,0,6.788999e-06,1.298216e-06,7.886099e-07,145,145,144,1
26753-016,0.0,0.7169601999999999,0.16524589999999997,0.6284413000000001,215,215,214,1,54.18015,10.77507,2.405061,215,215,214,1,212.8577,36.20798,118.048,192,192,191,1,0.0,0.0,0.0,0,0,0,0,0.0,0.0,0.0,0,0,0,0,0.0,0.0,0.0,0,0,0,0,3.382786e-05,5.771074e-06,2.990783e-06,215,215,214,1
81392-011,0.0,0.8408319,0.2165946,0.7066286999999999,596,596,595,1,486.8866,45.60406,18.594829999999998,596,596,595,1,441.8266,93.59831,231.489,523,523,522,1,0.16144470000000002,0.02352737,0.2379185,57,57,56,1,0.0,0.0,0.0,0,0,0,0,0.01252214,0.001196124,0.01823419,170,170,169,1,9.910608e-06,1.5124170000000002e-06,9.058348000000001e-07,596,596,595,1
81392-014,0.0,0.7377934,0.20287850000000002,0.632804,536,536,535,1,331.1242,47.72935,17.335739999999998,536,536,535,1,451.2766,119.8354,208.3424,433,433,432,1,0.0,0.0,0.0,0,0,0,0,0.0,0.0,0.0,0,0,0,0,0.0,0.0,0.0,0,0,0,0,9.409611e-06,1.4118600000000002e-06,8.259869e-07,536,536,535,1
56896-026,0.0,0.8346517,0.1367,0.5795485,296,296,295,1,470.9545,107.9345,41.839,296,296,295,1,437.2549,90.79941,193.4306,257,257,256,1,0.0,0.0,0.0,0,0,0,0,0.0,0.0,0.0,0,0,0,0,0.0,0.0,0.0,0,0,0,0,2.091849e-06,2.160916e-07,7.364715e-08,296,296,295,1
47647-000,0.0,0.6985584,0.2137284,0.6309968,325,325,324,1,478.4162,58.458040000000004,19.239320000000003,325,325,324,1,449.411,67.16808,178.4467,260,260,259,1,0.0,0.0,0.0,0,0,0,0,0.0,0.0,0.0,0,0,0,0,0.08580633,0.01250458,0.1264514,57,57,56,1,2.128974e-06,3.9660059999999994e-07,2.579048e-07,325,325,324,1
81392-001,0.0,0.5403998000000001,0.1599908,0.6570712,136,136,135,1,41.80265,8.492405,6.08041,136,136,135,1,141.7113,32.88479,125.0822,121,121,120,1,0.0,0.0,0.0,0,0,0,0,0.0,0.0,0.0,0,0,0,0,0.0,0.0,0.0,0,0,0,0,4.886147e-06,1.042444e-06,7.167036e-07,136,136,135,1
18771-000,0.0,0.8114449,0.1921934,0.5252103,125,125,124,1,331.8617,57.714290000000005,17.175060000000002,125,125,124,1,285.1136,53.58865,120.6421,85,85,84,1,0.0,0.0,0.0,0,0,0,0,0.0,0.0,0.0,0,0,0,0,0.0,0.0,0.0,0,0,0,0,1.989504e-06,3.9572390000000006e-07,2.3770749999999999e-07,125,125,124,1
56896-014,0.0,0.7189963,0.1805961,0.6615496,46,46,45,1,318.2632,59.89779,28.85763,46,46,45,1,265.4653,73.48267,150.6939,43,43,42,1,0.0,0.0,0.0,0,0,0,0,0.0,0.0,0.0,0,0,0,0,0.0,0.0,0.0,0,0,0,0,3.027998e-07,8.468908000000001e-08,7.614566e-08,46,46,45,1
81392-017,0.0,0.5427319,0.10433030000000001,0.7505988,145,145,144,1,28.39777,5.679037,11.02356,145,145,144,1,185.893,20.69815,146.549,145,145,144,1,0.0,0.0,0.0,0,0,0,0,0.0,0.0,0.0,0,0,0,0,0.0,0.0,0.0,0,0,0,0,7.635376e-06,1.523397e-06,1.139245e-06,145,145,144,1
81392-038,0.0,0.8224054000000001,0.21967289999999998,0.640352,926,926,925,1,354.0808,46.03653,19.05796,926,926,925,1,450.6955,99.99079,219.5242,733,733,732,1,0.4653226,0.21327359999999998,0.24756039999999999,390,390,389,1,0.4244633,0.18977839999999999,0.2887053,272,272,271,1,0.05557664,0.02371502,0.02751791,580,580,476,104,1.2619560000000001e-05,1.961728e-06,1.186355e-06,926,926,925,1
58812-004,0.0,0.8824664000000001,0.1827216,0.48096359999999994,246,246,245,1,473.6489,128.7883,79.92245,246,246,245,1,427.5539,109.8268,310.546,154,154,153,1,0.0,0.0,0.0,0,0,0,0,0.0,0.0,0.0,0,0,0,0,0.0,0.0,0.0,0,0,0,0,3.97297e-07,4.726533e-08,2.320583e-08,246,246,245,1
45758-004,0.0,0.7184904000000001,0.17184760000000002,0.4987197,315,315,314,1,486.7426,125.563,50.03577,315,315,314,1,424.4424,100.8514,146.9035,194,194,193,1,0.0,0.0,0.0,0,0,0,0,0.0,0.0,0.0,0,0,0,0,0.0,0.0,0.0,0,0,0,0,4.779147e-06,5.283495999999999e-07,2.398752e-07,315,315,314,1
26753-012,0.0,0.8501550999999999,0.21007759999999998,0.7524946,116,116,115,1,48.17559,12.79787,12.82971,116,116,115,1,448.7177,112.7056,206.8326,103,103,102,1,0.0,0.0,0.0,0,0,0,0,0.0,0.0,0.0,0,0,0,0,0.0,0.0,0.0,0,0,0,0,2.612725e-05,6.875699e-06,7.65355e-06,116,116,115,1
26753-022,0.0,0.7499281999999999,0.18145820000000001,0.5897704,356,356,355,1,483.8627,49.59362,10.84815,356,356,355,1,463.0833,101.7464,158.259,299,299,298,1,0.0,0.0,0.0,0,0,0,0,0.0,0.0,0.0,0,0,0,0,0.0,0.0,0.0,0,0,0,0,6.952043e-06,1.207325e-06,5.95536e-07,356,356,355,1
81392-026,0.0,0.7106539000000001,0.16592089999999998,0.5896351,416,416,415,1,339.3699,53.08286999999999,17.21997,416,416,415,1,453.8681,113.8985,196.2211,338,338,337,1,0.0,0.0,0.0,0,0,0,0,0.0,0.0,0.0,0,0,0,0,0.0,0.0,0.0,0,0,0,0,5.735852e-06,1.114502e-06,5.621039e-07,416,416,415,1
44574-004,0.0,0.6607208000000001,0.1791241,0.5842826,66,66,65,1,323.9981,58.09758000000001,17.61504,66,66,65,1,295.8014,54.881840000000004,136.1251,54,54,53,1,0.0,0.0,0.0,0,0,0,0,0.0,0.0,0.0,0,0,0,0,0.0,0.0,0.0,0,0,0,0,3.606433e-06,9.194351999999999e-07,5.094157e-07,66,66,65,1
56896-033,0.0,0.9093786,0.181199,0.6359007,136,136,135,1,476.5254,74.14983000000001,26.441959999999998,136,136,135,1,438.2592,137.0617,271.9388,120,120,119,1,0.0,0.0,0.0,0,0,0,0,0.0,0.0,0.0,0,0,0,0,0.0,0.0,0.0,0,0,0,0,1.379424e-06,2.835487e-07,1.932996e-07,136,136,135,1
56896-006,0.0,0.9044188,0.1391615,0.6421356,356,356,355,1,43.98751,7.286898,7.087957,356,356,355,1,454.472,111.4681,205.4483,346,346,345,1,0.0,0.0,0.0,0,0,0,0,0.0,0.0,0.0,0,0,0,0,0.09771715,0.01612981,0.1432444,44,44,43,1,6.787564e-06,1.124954e-06,5.796683e-07,356,356,355,1
81392-004,0.0,0.7809188,0.2194542,0.5915895999999999,275,275,274,1,481.8628,73.43498000000001,21.94838,275,275,274,1,349.7472,65.16515,163.8884,204,204,203,1,0.0,0.0,0.0,0,0,0,0,0.0,0.0,0.0,0,0,0,0,0.0,0.0,0.0,0,0,0,0,8.811458e-06,1.17203e-06,6.733366e-07,275,275,274,1
95407-003,0.0,0.5067298,0.12268299999999999,0.5174227,61,61,60,1,31.996059999999996,6.814814999999999,-1.848623,61,61,60,1,438.0071,134.9568,253.3805,43,43,42,1,0.0,0.0,0.0,0,0,0,0,0.0,0.0,0.0,0,0,0,0,0.0,0.0,0.0,0,0,0,0,5.553708000000001e-07,1.515707e-07,1.022008e-07,61,61,60,1
44574-008,0.0,0.5060192,0.12025339999999998,0.6424198,156,156,155,1,26.55834,6.90123,4.018127,156,156,155,1,149.8684,27.74708,133.9322,153,153,152,1,0.0,0.0,0.0,0,0,0,0,0.0,0.0,0.0,0,0,0,0,0.0,0.0,0.0,0,0,0,0,2.8042739999999997e-06,4.544518e-07,3.782418e-07,156,156,155,1
68117-000,0.0,0.9047550999999999,0.2206939,0.7201668999999999,526,526,525,1,332.8818,37.20469,17.954279999999997,526,526,525,1,416.7963,49.697109999999995,190.3214,458,458,457,1,0.1014273,0.0098026,0.1509883,132,132,131,1,0.0,0.0,0.0,0,0,0,0,0.2342274,0.1115519,0.1338947,247,247,246,1,2.481868e-06,2.40485e-07,1.202488e-07,526,526,525,1
68117-003,0.0,0.8133729999999999,0.2254538,0.5908781999999999,345,345,344,1,489.4019,89.80211,26.55438,345,345,344,1,230.3872,42.38321,169.7176,252,252,251,1,0.0,0.0,0.0,0,0,0,0,0.0,0.0,0.0,0,0,0,0,0.0,0.0,0.0,0,0,0,0,5.9699289999999995e-06,6.340173000000001e-07,2.1458460000000002e-07,345,345,344,1
47939-019,0.0,0.6080625,0.1803246,0.5981092,66,66,65,1,43.68414,10.63402,2.891278,66,66,65,1,357.6556,103.7934,218.5527,58,58,57,1,0.0,0.0,0.0,0,0,0,0,0.0,0.0,0.0,0,0,0,0,0.0,0.0,0.0,0,0,0,0,5.5888030000000005e-06,1.144641e-06,1.264426e-06,66,66,65,1
47647-005,0.0,0.6525895,0.1994945,0.5564164,96,96,95,1,323.9042,44.893440000000005,10.130419999999999,96,96,95,1,387.8199,86.88993,200.2452,67,67,66,1,0.0,0.0,0.0,0,0,0,0,0.0,0.0,0.0,0,0,0,0,0.0,0.0,0.0,0,0,0,0,2.053159e-06,3.219096e-07,1.781241e-07,96,96,95,1
47939-003,0.0,0.7101042,0.16132670000000002,0.7728505,246,246,245,1,46.33542,10.59379,12.75207,246,246,245,1,407.8687,63.25135,241.758,241,241,240,1,0.0,0.0,0.0,0,0,0,0,0.0,0.0,0.0,0,0,0,0,0.0,0.0,0.0,0,0,0,0,8.705762e-06,1.7028980000000002e-06,1.550675e-06,246,246,245,1
56896-010,0.0,0.8542004999999999,0.160219,0.5707274999999999,186,186,185,1,473.6105,67.70621,24.32299,186,186,185,1,424.7531,85.89614,194.2621,154,154,153,1,0.0,0.0,0.0,0,0,0,0,0.0,0.0,0.0,0,0,0,0,0.0,0.0,0.0,0,0,0,0,6.94228e-07,1.174639e-07,6.302056e-08,186,186,185,1
35063-001,0.0,0.5297573,0.1633713,0.6137179,36,36,35,1,171.9468,41.858670000000004,16.83772,36,36,35,1,233.8246,50.8781,146.6214,34,34,33,1,0.0,0.0,0.0,0,0,0,0,0.0,0.0,0.0,0,0,0,0,0.0,0.0,0.0,0,0,0,0,1.120308e-06,3.655486e-07,2.6471290000000003e-07,36,36,35,1
47939-000,0.0,0.8029470999999999,0.23680370000000003,0.6170991,153,153,152,1,495.7407,60.597559999999994,18.58306,153,153,152,1,429.2475,96.13253,205.6258,125,125,124,1,0.0,0.0,0.0,0,0,0,0,0.0,0.0,0.0,0,0,0,0,0.0,0.0,0.0,0,0,0,0,7.689739e-06,1.231461e-06,6.959946999999999e-07,153,153,152,1
26753-000,0.0,0.7889765999999999,0.19225920000000002,0.5784421999999999,796,796,795,1,491.5187,40.0391,7.144772,796,796,795,1,438.311,69.40309,135.2625,644,644,643,1,0.1224039,0.009516084000000001,0.18271020000000002,205,205,204,1,0.0,0.0,0.0,0,0,0,0,0.09974169,0.03463235,0.08675084,331,331,330,1,5.460906e-06,9.051727e-07,5.840149e-07,796,796,795,1
81392-032,0.0,0.5637029,0.17457029999999998,0.6369083999999999,96,96,95,1,172.7842,26.439709999999998,8.822107,96,96,95,1,196.7099,29.571040000000004,128.9076,72,72,71,1,0.0,0.0,0.0,0,0,0,0,0.0,0.0,0.0,0,0,0,0,0.0,0.0,0.0,0,0,0,0,4.213822e-06,9.264006999999999e-07,8.522334999999999e-07,96,96,95,1
81392-025,0.0,0.6756082,0.19240829999999998,0.5915533000000001,325,325,324,1,182.6192,26.3067,6.905996000000001,325,325,324,1,436.9224,74.33561999999999,156.7155,257,257,256,1,0.0,0.0,0.0,0,0,0,0,0.0,0.0,0.0,0,0,0,0,0.0,0.0,0.0,0,0,0,0,5.764828e-06,1.010213e-06,7.159291999999999e-07,325,325,324,1
76373-005,0.0,0.5972239,0.19858610000000002,0.5926952,46,46,45,1,37.582229999999996,10.13002,2.312352,46,46,45,1,334.8908,76.56714000000001,193.0936,35,35,34,1,0.0,0.0,0.0,0,0,0,0,0.0,0.0,0.0,0,0,0,0,0.0,0.0,0.0,0,0,0,0,2.326087e-06,7.264003000000001e-07,4.035842e-07,46,46,45,1
35063-006,0.0,0.8123741,0.22547609999999998,0.6407436,575,575,574,1,490.2042,68.0204,21.0959,575,575,574,1,454.937,91.6714,190.2085,473,473,472,1,0.0,0.0,0.0,0,0,0,0,0.0,0.0,0.0,0,0,0,0,0.01392723,0.004846471,0.01827949,8,8,7,1,1.102354e-05,1.396019e-06,6.785282e-07,575,575,574,1
81392-031,0.0,0.7073838000000001,0.227161,0.6449994000000001,136,136,135,1,175.4941,23.210720000000002,8.855013,136,136,135,1,149.8312,35.57281,144.6346,105,105,104,1,0.0,0.0,0.0,0,0,0,0,0.0,0.0,0.0,0,0,0,0,0.0,0.0,0.0,0,0,0,0,9.277168e-06,1.704494e-06,1.026327e-06,136,136,135,1
81392-030,0.0,0.7107076,0.1789704,0.545737,256,256,255,1,186.3932,19.1592,1.433904,256,256,255,1,220.6116,44.7236,143.0812,191,191,190,1,0.0,0.0,0.0,0,0,0,0,0.0,0.0,0.0,0,0,0,0,0.0,0.0,0.0,0,0,0,0,6.407963999999999e-06,1.164325e-06,8.370911e-07,256,256,255,1
45758-000,0.0,0.6833899999999999,0.19839079999999998,0.6931755999999999,66,66,65,1,326.9933,63.256969999999995,31.438679999999998,66,66,65,1,358.9743,113.0026,298.3942,60,60,59,1,0.0,0.0,0.0,0,0,0,0,0.0,0.0,0.0,0,0,0,0,0.0,0.0,0.0,0,0,0,0,9.030341e-07,2.1425229999999998e-07,1.401266e-07,66,66,65,1
45758-006,0.0,0.7227549,0.17129860000000002,0.5892261,39,39,38,1,45.25526,10.74478,2.404696,39,39,38,1,236.2991,69.09085,156.831,38,38,37,1,0.0,0.0,0.0,0,0,0,0,0.0,0.0,0.0,0,0,0,0,0.0,0.0,0.0,0,0,0,0,5.214575e-06,1.623714e-06,1.242055e-06,39,39,38,1
56896-025,0.0,0.4527358,0.11292939999999999,0.620873,86,86,85,1,23.05564,5.762671,3.536689,86,86,85,1,165.9967,29.83215,128.2289,81,81,80,1,0.0,0.0,0.0,0,0,0,0,0.0,0.0,0.0,0,0,0,0,0.0,0.0,0.0,0,0,0,0,1.247923e-06,3.2515819999999996e-07,2.762974e-07,86,86,85,1
44574-001,0.0,0.7682273000000001,0.1665144,0.5735084,496,496,495,1,474.1361,95.56102,36.846270000000004,496,496,495,1,444.1672,92.04729,162.8116,403,403,402,1,0.0,0.0,0.0,0,0,0,0,0.0,0.0,0.0,0,0,0,0,0.6666666,0.05573879,0.9943503,177,177,176,1,9.113256e-06,9.778616e-07,4.247582e-07,496,496,495,1
68117-002,0.0,0.7644996999999999,0.23365100000000003,0.6750863,156,156,155,1,45.95626,12.80376,7.424019,156,156,155,1,412.483,72.48536999999999,200.2443,127,127,126,1,0.0,0.0,0.0,0,0,0,0,0.0,0.0,0.0,0,0,0,0,0.0,0.0,0.0,0,0,0,0,2.872748e-06,4.6945570000000004e-07,2.600578e-07,156,156,155,1
81392-000,0.0,0.6775937,0.20666779999999998,0.7288598000000001,246,246,245,1,326.8545,42.91063,18.42386,246,246,245,1,368.9374,52.46185,192.0379,218,218,217,1,0.0,0.0,0.0,0,0,0,0,0.0,0.0,0.0,0,0,0,0,0.0,0.0,0.0,0,0,0,0,1.0876010000000001e-05,1.566686e-06,9.435341e-07,246,246,245,1
81392-042,0.0,0.8462716,0.2244721,0.6543922,2096,2096,2095,1,490.7957,38.131840000000004,13.19294,2096,2096,2095,1,460.9348,81.84839000000001,203.853,1717,1717,1716,1,0.3829323,0.1021579,0.2342855,1615,1615,1614,1,0.2348752,0.09043381,0.1108451,1501,1501,1275,226,0.1108715,0.03668835,0.02931137,1821,1821,1709,112,1.312269e-05,1.515334e-06,9.054775e-07,2096,2096,2095,1
18771-003,0.0,0.7081596,0.2183449,0.4932142,66,66,65,1,39.71849,10.38825,-2.562914,66,66,65,1,399.5232,93.38306,225.1378,39,39,38,1,0.0,0.0,0.0,0,0,0,0,0.0,0.0,0.0,0,0,0,0,0.0,0.0,0.0,0,0,0,0,1.686533e-06,4.152923e-07,2.124133e-07,66,66,65,1
26753-011,0.0,0.29502540000000005,0.1040653,0.6833425,16,16,15,1,19.832929999999998,6.814959,6.397734,16,16,15,1,88.04759,22.99469,99.92709,16,16,15,1,0.0,0.0,0.0,0,0,0,0,0.0,0.0,0.0,0,0,0,0,0.0,0.0,0.0,0,0,0,0,3.568465e-06,1.157016e-06,2.306299e-06,16,16,15,1
35063-002,0.0,0.6496851,0.1566362,0.6120788,66,66,65,1,471.2901,96.37349,53.499930000000006,66,66,65,1,415.7395,86.49825,185.4828,61,61,60,1,0.0,0.0,0.0,0,0,0,0,0.0,0.0,0.0,0,0,0,0,0.0,0.0,0.0,0,0,0,0,5.462408000000001e-06,1.4841589999999998e-06,8.158228000000001e-07,66,66,65,1
18771-001,0.0,0.7359055999999999,0.13898210000000003,0.5165867999999999,516,516,515,1,489.4251,58.750890000000005,11.09043,516,516,515,1,431.1349,73.65469,136.3989,404,404,403,1,0.0,0.0,0.0,0,0,0,0,0.0,0.0,0.0,0,0,0,0,0.09261058,0.01247856,0.1368425,67,67,66,1,4.430955e-06,4.7231749999999997e-07,2.108343e-07,516,516,515,1
68117-006,0.0,0.7021139,0.22047139999999998,0.5586677,166,166,165,1,479.884,114.5768,44.14477,166,166,165,1,383.1241,82.85401999999999,187.6929,115,115,114,1,0.0,0.0,0.0,0,0,0,0,0.0,0.0,0.0,0,0,0,0,0.0,0.0,0.0,0,0,0,0,3.196488e-06,4.172143e-07,1.983704e-07,166,166,165,1
56896-016,0.0,0.5161803,0.14500870000000002,0.5999597,106,106,105,1,31.84978,7.830286999999999,2.0903869999999998,106,106,105,1,247.3827,40.71407,132.0462,96,96,95,1,0.0,0.0,0.0,0,0,0,0,0.0,0.0,0.0,0,0,0,0,0.0,0.0,0.0,0,0,0,0,9.849533e-06,1.6779480000000001e-06,1.300215e-06,106,106,105,1
76373-001,0.0,0.8888108,0.2115115,0.5324283000000001,446,446,445,1,481.7485,137.6727,68.47794,446,446,445,1,428.7398,77.88676,185.2384,291,291,290,1,0.0,0.0,0.0,0,0,0,0,0.0,0.0,0.0,0,0,0,0,0.3479257,0.04198539,0.5156757000000001,84,84,83,1,2.380215e-07,3.3065430000000003e-08,2.4466869999999998e-08,446,446,445,1
26753-008,0.0,0.8978878,0.18416749999999998,0.6706613,686,686,685,1,489.3575,63.40173000000001,25.1987,686,686,685,1,459.7358,101.3867,156.5352,607,607,606,1,0.0,0.0,0.0,0,0,0,0,0.0,0.0,0.0,0,0,0,0,0.32053459999999995,0.02528892,0.4783858,199,199,198,1,6.875225000000001e-06,8.647697e-07,5.856538000000001e-07,686,686,685,1
47939-005,0.0,0.7764798,0.22559410000000002,0.6299653000000001,416,416,415,1,338.1563,49.09962,18.61661,416,416,415,1,443.4996,100.2286,200.4771,331,331,330,1,0.0,0.0,0.0,0,0,0,0,0.0,0.0,0.0,0,0,0,0,0.164501,0.06715725,0.164501,3,3,2,1,7.952239e-06,1.151594e-06,5.850828000000001e-07,416,416,415,1
47939-006,0.0,0.7125326999999999,0.1837736,0.5587714,461,461,460,1,337.6122,41.74909,8.715227,461,461,460,1,405.1774,67.03801,150.5936,305,305,304,1,0.0,0.0,0.0,0,0,0,0,0.0,0.0,0.0,0,0,0,0,0.23913579999999998,0.03294691,0.3530989,64,64,63,1,9.48033e-06,9.70666e-07,4.4652970000000004e-07,461,461,460,1
56896-027,0.0,0.6636536,0.1636759,0.6492648,356,356,355,1,486.3706,69.71475,22.604110000000002,356,356,355,1,447.5203,103.3354,200.8615,331,331,330,1,0.0,0.0,0.0,0,0,0,0,0.0,0.0,0.0,0,0,0,0,0.4115255,0.0728488,0.6010438,38,38,37,1,7.410605e-06,8.675251999999999e-07,4.0213209999999996e-07,356,356,355,1
81392-019,0.0,0.8481084999999999,0.21190830000000002,0.6337592,1335,1335,1334,1,494.1876,49.026720000000005,17.33886,1335,1335,1334,1,464.3886,114.1676,205.8665,1100,1100,1099,1,0.269868,0.05486884,0.26147929999999997,684,684,683,1,0.130327,0.03849144,0.08451307,546,546,545,1,0.05832098,0.02336244,0.02099315,936,936,862,74,1.132933e-05,1.354983e-06,7.443156999999999e-07,1335,1335,1334,1
44574-003,0.0,0.6361568,0.1370233,0.5164973,205,205,204,1,472.2578,86.06349,39.784909999999996,205,205,204,1,412.3754,107.6421,200.2682,151,151,150,1,0.0,0.0,0.0,0,0,0,0,0.0,0.0,0.0,0,0,0,0,0.0,0.0,0.0,0,0,0,0,3.4014990000000005e-07,6.73815e-08,3.5441029999999996e-08,205,205,204,1
95407-001,0.0,0.6612001999999999,0.1419876,0.5050696,145,145,144,1,38.53646,8.158799,-0.2727914,145,145,144,1,381.3534,91.96141,181.65,111,111,110,1,0.0,0.0,0.0,0,0,0,0,0.0,0.0,0.0,0,0,0,0,0.0,0.0,0.0,0,0,0,0,4.91931e-07,9.466837e-08,5.218816e-08,145,145,144,1
44574-007,0.0,0.4258085,0.1355181,0.5742439,46,46,45,1,26.598159999999996,7.414258,0.5186324000000001,46,46,45,1,128.0408,33.42794,127.5729,38,38,37,1,0.0,0.0,0.0,0,0,0,0,0.0,0.0,0.0,0,0,0,0,0.0,0.0,0.0,0,0,0,0,1.017348e-06,2.293211e-07,2.0129010000000002e-07,46,46,45,1
56896-023,0.0,0.9315749,0.172507,0.5526055999999999,195,195,194,1,470.1427,148.2447,89.59919000000001,195,195,194,1,444.5212,121.381,264.7377,147,147,146,1,0.0,0.0,0.0,0,0,0,0,0.0,0.0,0.0,0,0,0,0,0.0,0.0,0.0,0,0,0,0,2.497235e-07,3.297443e-08,2.4858849999999996e-08,195,195,194,1
81392-015,0.0,0.5829494000000001,0.1691547,0.6760305999999999,96,96,95,1,47.10046,10.12768,6.712573,96,96,95,1,138.6838,34.291109999999996,146.9898,88,88,87,1,0.0,0.0,0.0,0,0,0,0,0.0,0.0,0.0,0,0,0,0,0.0,0.0,0.0,0,0,0,0,6.632974e-06,1.395345e-06,9.394126999999999e-07,96,96,95,1
56896-012,0.0,0.7228699000000001,0.15927149999999998,0.6019135,275,275,274,1,50.285509999999995,9.410592,2.496023,275,275,274,1,437.2704,94.22453,174.239,240,240,239,1,0.0,0.0,0.0,0,0,0,0,0.0,0.0,0.0,0,0,0,0,0.4160446,0.1095517,0.5850626999999999,16,16,15,1,1.223586e-05,1.6421760000000001e-06,7.032099000000001e-07,275,275,274,1
47647-002,0.0,0.735531,0.2199928,0.5947041000000001,246,246,245,1,48.445209999999996,12.51401,3.446439,246,246,245,1,426.0052,69.8907,178.2721,195,195,194,1,0.0,0.0,0.0,0,0,0,0,0.0,0.0,0.0,0,0,0,0,0.0,0.0,0.0,0,0,0,0,3.5407960000000004e-06,5.973444e-07,3.965548e-07,246,246,245,1
81392-022,0.0,0.7782663000000001,0.2237448,0.6664076,516,516,515,1,331.8374,37.031690000000005,14.55921,516,516,515,1,446.6696,95.53256,195.9961,414,414,413,1,0.07880473,0.007504895,0.1173379,136,136,135,1,0.0,0.0,0.0,0,0,0,0,0.0030899670000000003,0.001292218,0.002201879,237,237,236,1,8.540556e-06,1.634316e-06,1.139502e-06,516,516,515,1
81392-016,0.0,0.49195950000000005,0.1353592,0.5997218000000001,76,76,75,1,26.3367,6.838551,3.894932,76,76,75,1,454.2828,138.7075,209.0517,68,68,67,1,0.0,0.0,0.0,0,0,0,0,0.0,0.0,0.0,0,0,0,0,0.0,0.0,0.0,0,0,0,0,6.473459e-06,1.331343e-06,7.301562e-07,76,76,75,1
58812-000,0.0,0.8607872,0.2568448,0.5882189,292,292,291,1,479.7829,119.7379,57.7257,292,292,291,1,432.868,88.05122,220.8477,201,201,200,1,0.0,0.0,0.0,0,0,0,0,0.0,0.0,0.0,0,0,0,0,0.0,0.0,0.0,0,0,0,0,2.807565e-06,6.133631999999999e-07,3.5157990000000004e-07,292,292,291,1
95407-005,0.0,0.8488916999999999,0.1983364,0.6105593,496,496,495,1,482.1729,95.58837,34.229209999999995,496,496,495,1,447.4227,115.1803,252.6072,410,410,409,1,0.0,0.0,0.0,0,0,0,0,0.0,0.0,0.0,0,0,0,0,0.02834328,0.0031715140000000003,0.0420811,98,98,97,1,2.318765e-06,2.4934639999999996e-07,1.0812289999999999e-07,496,496,495,1
81392-037,0.0,0.6328621,0.1731032,0.547845,225,225,224,1,481.5632,64.76275,20.16743,225,225,224,1,445.9563,115.6052,199.4761,167,167,166,1,0.0,0.0,0.0,0,0,0,0,0.0,0.0,0.0,0,0,0,0,0.0,0.0,0.0,0,0,0,0,8.141727e-06,1.313895e-06,7.730684999999999e-07,225,225,224,1
56896-017,0.0,0.8777325,0.1779175,0.557066,496,496,495,1,495.3207,115.5174,43.21042,496,496,495,1,418.7933,66.85163,163.7618,396,396,395,1,0.0,0.0,0.0,0,0,0,0,0.0,0.0,0.0,0,0,0,0,0.15354229999999996,0.01239479,0.2291012,190,190,189,1,5.177754e-06,7.665956e-07,4.2019199999999996e-07,496,496,495,1
95407-006,0.0,0.7755554,0.1650799,0.47968249999999996,136,136,135,1,471.0119,180.259,127.3262,136,136,135,1,452.8599,133.3944,213.8869,93,93,92,1,0.0,0.0,0.0,0,0,0,0,0.0,0.0,0.0,0,0,0,0,0.0,0.0,0.0,0,0,0,0,5.431336999999999e-07,7.488021000000001e-08,2.927203e-08,136,136,135,1
45758-003,0.0,0.7501310999999999,0.21313739999999998,0.6366894000000001,395,395,394,1,178.2007,21.06557,7.3776399999999995,395,395,394,1,270.0692,37.80297,147.6076,321,321,320,1,0.0,0.0,0.0,0,0,0,0,0.0,0.0,0.0,0,0,0,0,0.0,0.0,0.0,0,0,0,0,8.949068e-06,1.492171e-06,1.030807e-06,395,395,394,1
26753-009,0.0,0.7432867,0.15857449999999998,0.6436845999999999,616,616,615,1,487.9432,49.38905,14.828120000000002,616,616,615,1,455.4001,89.35457,150.6637,566,566,565,1,0.0,0.0,0.0,0,0,0,0,0.0,0.0,0.0,0,0,0,0,0.03955317,0.00246129,0.05914493,321,321,320,1,1.3170610000000001e-05,1.552147e-06,8.612523e-07,616,616,615,1
47939-004,0.0,0.7338485,0.21329220000000002,0.638732,129,129,128,1,42.69467,11.18149,5.5959129999999995,129,129,128,1,332.8008,84.38427,232.7166,101,101,100,1,0.0,0.0,0.0,0,0,0,0,0.0,0.0,0.0,0,0,0,0,0.0,0.0,0.0,0,0,0,0,5.54719e-06,8.186504000000001e-07,3.478785e-07,129,129,128,1
47939-017,0.0,0.7528216999999999,0.118922,0.37987070000000006,215,215,214,1,481.045,138.6008,74.64747,215,215,214,1,447.9714,82.62047,160.2215,76,76,75,1,0.0,0.0,0.0,0,0,0,0,0.0,0.0,0.0,0,0,0,0,0.0,0.0,0.0,0,0,0,0,2.715654e-06,2.971223e-07,1.3812489999999998e-07,215,215,214,1
56896-019,0.0,0.3879897,0.11763900000000001,0.638369,66,66,65,1,28.77843,7.3965369999999995,3.253664,66,66,65,1,167.443,46.27673,137.6386,66,66,65,1,0.0,0.0,0.0,0,0,0,0,0.0,0.0,0.0,0,0,0,0,0.0,0.0,0.0,0,0,0,0,2.400074e-06,6.070387e-07,5.502873e-07,66,66,65,1
56896-028,0.0,0.832201,0.13319370000000003,0.5991036999999999,106,106,105,1,179.9348,27.694570000000002,9.075016999999999,106,106,105,1,431.4355,106.9945,188.1917,99,99,98,1,0.0,0.0,0.0,0,0,0,0,0.0,0.0,0.0,0,0,0,0,0.0,0.0,0.0,0,0,0,0,1.0630169999999999e-06,1.9465789999999998e-07,1.224987e-07,106,106,105,1
80292-004,0.0,0.8091765999999999,0.25740949999999996,0.7434706999999999,125,125,124,1,323.7734,54.10414,29.130979999999997,125,125,124,1,330.232,75.90411999999999,258.1411,107,107,106,1,0.0,0.0,0.0,0,0,0,0,0.0,0.0,0.0,0,0,0,0,0.0,0.0,0.0,0,0,0,0,1.037059e-05,2.3727940000000002e-06,2.100448e-06,125,125,124,1
58812-001,0.0,0.9322661,0.22720279999999998,0.5985291,394,394,393,1,486.5388,70.31254,27.23698,394,394,393,1,445.75,88.56411999999999,203.4583,305,305,304,1,0.0,0.0,0.0,0,0,0,0,0.0,0.0,0.0,0,0,0,0,0.2551774,0.02914304,0.3786941,94,94,93,1,5.314204e-06,7.476182e-07,3.6783209999999997e-07,394,394,393,1
81392-013,0.0,0.8058299,0.21484570000000003,0.6029568000000001,1035,1035,1034,1,200.4259,26.055410000000002,6.6121289999999995,1035,1035,1034,1,467.4436,106.909,184.2796,790,790,789,1,0.2981231,0.0685131,0.272312,490,490,489,1,0.1297277,0.06370404,0.08780431,355,355,208,147,0.0113085,0.004710591,0.005467235,629,629,628,1,7.864514e-06,1.152194e-06,7.910200999999999e-07,1035,1035,1034,1
76373-000,0.0,0.8026344,0.2173944,0.5503295,385,385,384,1,480.501,87.27428,31.33176,385,385,384,1,398.3532,69.34056,189.003,272,272,271,1,0.0,0.0,0.0,0,0,0,0,0.0,0.0,0.0,0,0,0,0,0.4237265,0.04943476,0.6285276,90,90,89,1,2.2990020000000002e-07,3.926575e-08,2.52216e-08,385,385,384,1
56896-013,0.0,0.38365679999999996,0.1164513,0.64884,36,36,35,1,21.923370000000002,6.3379010000000005,5.636576,36,36,35,1,169.6673,41.32052,168.8342,36,36,35,1,0.0,0.0,0.0,0,0,0,0,0.0,0.0,0.0,0,0,0,0,0.0,0.0,0.0,0,0,0,0,1.958329e-06,4.7135459999999995e-07,2.508654e-07,36,36,35,1
